2026/09/15 15:53:12.026, 0 %, 70.93 W, 27063 MiB
2026/09/15 15:53:13.029, 2 %, 68.48 W, 27063 MiB
2026/09/15 15:53:14.030, 92 %, 100.22 W, 27095 MiB
2026/09/15 15:53:15.031, 96 %, 348.85 W, 27220 MiB
2026/09/15 15:53:16.032, 2 %, 155.28 W, 27072 MiB
2026/09/15 15:53:17.033, 3 %, 69.00 W, 27047 MiB
2026/09/15 15:53:18.034, 3 %, 69.17 W, 27047 MiB
2026/09/15 15:53:19.034, 1 %, 68.65 W, 27060 MiB
2026/09/15 15:53:20.035, 1 %, 68.29 W, 27053 MiB
2026/09/15 15:53:21.035, 1 %, 68.26 W, 27053 MiB
2026/09/15 15:53:22.036, 98 %, 319.19 W, 27085 MiB
2026/09/15 15:53:23.036, 98 %, 358.86 W, 27233 MiB
2026/09/15 15:53:24.037, 96 %, 357.26 W, 27183 MiB
2026/09/15 15:53:25.039, 98 %, 359.17 W, 27215 MiB
2026/09/15 15:53:26.039, 97 %, 314.82 W, 27183 MiB
2026/09/15 15:53:27.041, 99 %, 284.93 W, 27183 MiB
2026/09/15 15:53:28.041, 99 %, 287.01 W, 27183 MiB
2026/09/15 15:53:29.042, 98 %, 281.22 W, 27212 MiB
2026/09/15 15:53:30.042, 3 %, 127.06 W, 27064 MiB
2026/09/15 15:53:31.043, 2 %, 69.32 W, 27064 MiB
2026/09/15 15:53:32.044, 2 %, 69.46 W, 27064 MiB
2026/09/15 15:53:33.044, 1 %, 68.59 W, 27064 MiB
2026/09/15 15:53:34.045, 1 %, 67.88 W, 27038 MiB
2026/09/15 15:53:35.045, 5 %, 69.14 W, 27050 MiB
2026/09/15 15:53:36.045, 2 %, 69.19 W, 27055 MiB
2026/09/15 15:53:37.046, 1 %, 68.37 W, 27055 MiB
2026/09/15 15:53:38.046, 5 %, 68.63 W, 27061 MiB
2026/09/15 15:53:39.046, 3 %, 69.07 W, 26952 MiB
2026/09/15 15:53:40.053, 5 %, 68.70 W, 26919 MiB
2026/09/15 15:53:41.054, 6 %, 69.32 W, 26925 MiB
2026/09/15 15:53:42.054, 5 %, 69.46 W, 26927 MiB
2026/09/15 15:53:43.055, 17 %, 71.30 W, 27201 MiB
2026/09/15 15:53:44.056, 16 %, 73.66 W, 27193 MiB
2026/09/15 15:53:45.057, 16 %, 73.22 W, 27175 MiB
2026/09/15 15:53:46.057, 9 %, 71.74 W, 27189 MiB
2026/09/15 15:53:47.059, 11 %, 71.81 W, 27350 MiB
2026/09/15 15:53:48.059, 11 %, 71.52 W, 27309 MiB
2026/09/15 15:53:49.060, 12 %, 71.51 W, 27310 MiB
2026/09/15 15:53:50.060, 11 %, 71.47 W, 27289 MiB
2026/09/15 15:53:51.061, 11 %, 71.38 W, 27280 MiB
2026/09/15 15:53:52.061, 12 %, 71.18 W, 27108 MiB
2026/09/15 15:53:53.062, 15 %, 71.71 W, 27072 MiB
2026/09/15 15:53:54.063, 12 %, 70.92 W, 27070 MiB
2026/09/15 15:53:55.063, 14 %, 71.05 W, 27086 MiB
2026/09/15 15:53:56.064, 12 %, 71.64 W, 27088 MiB
2026/09/15 15:53:57.064, 15 %, 71.26 W, 27083 MiB
2026/09/15 15:53:58.064, 5 %, 70.10 W, 27012 MiB
2026/09/15 15:53:59.065, 5 %, 69.25 W, 27012 MiB
2026/09/15 15:54:00.066, 3 %, 68.63 W, 27010 MiB
2026/09/15 15:54:01.067, 2 %, 67.88 W, 27014 MiB
2026/09/15 15:54:02.067, 2 %, 67.33 W, 27013 MiB
2026/09/15 15:54:03.068, 1 %, 67.74 W, 27012 MiB
2026/09/15 15:54:04.069, 2 %, 67.67 W, 26989 MiB
2026/09/15 15:54:05.069, 1 %, 67.91 W, 26981 MiB
2026/09/15 15:54:06.069, 2 %, 67.63 W, 26982 MiB
2026/09/15 15:54:07.070, 2 %, 68.49 W, 27020 MiB
2026/09/15 15:54:08.070, 5 %, 67.75 W, 27065 MiB
2026/09/15 15:54:09.070, 2 %, 67.82 W, 27064 MiB
2026/09/15 15:54:10.071, 1 %, 67.90 W, 27065 MiB
2026/09/15 15:54:11.072, 0 %, 68.36 W, 27065 MiB
2026/09/15 15:54:12.073, 1 %, 67.19 W, 27065 MiB
2026/09/15 15:54:13.073, 1 %, 67.56 W, 27059 MiB
2026/09/15 15:54:14.074, 2 %, 67.58 W, 27057 MiB
2026/09/15 15:54:15.074, 0 %, 66.65 W, 27054 MiB
2026/09/15 15:54:16.074, 1 %, 66.97 W, 27037 MiB
2026/09/15 15:54:17.075, 1 %, 67.49 W, 27010 MiB
2026/09/15 15:54:18.076, 0 %, 67.32 W, 27008 MiB
2026/09/15 15:54:19.076, 0 %, 67.72 W, 27061 MiB
2026/09/15 15:54:20.076, 0 %, 66.50 W, 27062 MiB
2026/09/15 15:54:21.077, 0 %, 66.64 W, 27061 MiB
2026/09/15 15:54:22.078, 1 %, 67.78 W, 27063 MiB
2026/09/15 15:54:23.078, 1 %, 66.81 W, 27061 MiB
2026/09/15 15:54:24.079, 6 %, 67.77 W, 27062 MiB
2026/09/15 15:54:25.079, 1 %, 68.16 W, 27063 MiB
2026/09/15 15:54:26.080, 1 %, 67.95 W, 27063 MiB
2026/09/15 15:54:27.080, 1 %, 67.13 W, 27061 MiB
2026/09/15 15:54:28.080, 1 %, 67.15 W, 27058 MiB
2026/09/15 15:54:29.081, 1 %, 67.51 W, 27058 MiB
2026/09/15 15:54:30.082, 0 %, 66.73 W, 27052 MiB
2026/09/15 15:54:31.083, 0 %, 66.85 W, 27052 MiB
2026/09/15 15:54:32.084, 0 %, 66.97 W, 27051 MiB
2026/09/15 15:54:33.084, 1 %, 67.01 W, 27049 MiB
2026/09/15 15:54:34.085, 1 %, 67.45 W, 27026 MiB
2026/09/15 15:54:35.108, 1 %, 67.63 W, 27038 MiB
2026/09/15 15:54:36.108, 1 %, 67.51 W, 27046 MiB
2026/09/15 15:54:37.109, 5 %, 67.70 W, 27010 MiB
2026/09/15 15:54:38.110, 5 %, 67.79 W, 27012 MiB
2026/09/15 15:54:39.111, 1 %, 67.40 W, 27012 MiB
2026/09/15 15:54:40.112, 1 %, 66.66 W, 27012 MiB
2026/09/15 15:54:41.113, 2 %, 67.03 W, 26993 MiB
2026/09/15 15:54:42.113, 97 %, 289.93 W, 27171 MiB
2026/09/15 15:54:43.114, 97 %, 357.81 W, 27467 MiB
2026/09/15 15:54:44.115, 95 %, 346.95 W, 27616 MiB
2026/09/15 15:54:45.116, 99 %, 329.92 W, 27618 MiB
2026/09/15 15:54:46.116, 99 %, 316.32 W, 27635 MiB
2026/09/15 15:54:47.117, 99 %, 329.17 W, 27636 MiB
2026/09/15 15:54:48.118, 98 %, 318.76 W, 27642 MiB
2026/09/15 15:54:49.119, 97 %, 315.86 W, 27646 MiB
2026/09/15 15:54:50.120, 99 %, 290.55 W, 27761 MiB
2026/09/15 15:54:51.121, 98 %, 262.46 W, 27648 MiB
2026/09/15 15:54:52.121, 97 %, 349.35 W, 27618 MiB
2026/09/15 15:54:53.122, 98 %, 338.53 W, 27648 MiB
2026/09/15 15:54:54.122, 99 %, 321.22 W, 27660 MiB
2026/09/15 15:54:55.123, 99 %, 316.25 W, 27667 MiB
2026/09/15 15:54:56.124, 99 %, 316.34 W, 27665 MiB
2026/09/15 15:54:57.124, 99 %, 316.08 W, 27807 MiB
2026/09/15 15:54:58.124, 99 %, 260.58 W, 27801 MiB
2026/09/15 15:54:59.125, 93 %, 325.35 W, 27680 MiB
2026/09/15 15:55:00.125, 99 %, 331.03 W, 27677 MiB
2026/09/15 15:55:01.127, 99 %, 322.05 W, 27694 MiB
2026/09/15 15:55:02.127, 99 %, 321.43 W, 27680 MiB
2026/09/15 15:55:03.127, 98 %, 318.17 W, 27678 MiB
2026/09/15 15:55:04.128, 98 %, 315.84 W, 27678 MiB
2026/09/15 15:55:05.128, 98 %, 307.42 W, 27688 MiB
2026/09/15 15:55:06.128, 98 %, 330.01 W, 27682 MiB
2026/09/15 15:55:07.129, 98 %, 315.45 W, 27665 MiB
2026/09/15 15:55:08.129, 99 %, 308.31 W, 27663 MiB
2026/09/15 15:55:09.130, 97 %, 304.97 W, 27672 MiB
2026/09/15 15:55:10.130, 98 %, 314.10 W, 27675 MiB
2026/09/15 15:55:11.131, 98 %, 310.01 W, 27680 MiB
2026/09/15 15:55:12.132, 99 %, 264.54 W, 27794 MiB
2026/09/15 15:55:13.133, 97 %, 269.02 W, 27678 MiB
2026/09/15 15:55:14.134, 96 %, 354.97 W, 27678 MiB
2026/09/15 15:55:15.134, 98 %, 341.12 W, 27677 MiB
2026/09/15 15:55:16.134, 99 %, 333.84 W, 27665 MiB
2026/09/15 15:55:17.135, 97 %, 319.91 W, 27640 MiB
2026/09/15 15:55:18.135, 99 %, 319.43 W, 27637 MiB
2026/09/15 15:55:19.136, 99 %, 311.61 W, 27753 MiB
2026/09/15 15:55:20.136, 99 %, 254.22 W, 27747 MiB
2026/09/15 15:55:21.137, 97 %, 314.08 W, 27631 MiB
2026/09/15 15:55:22.137, 99 %, 352.10 W, 27631 MiB
2026/09/15 15:55:23.138, 98 %, 341.55 W, 27631 MiB
2026/09/15 15:55:24.139, 97 %, 330.16 W, 27631 MiB
2026/09/15 15:55:25.139, 99 %, 326.43 W, 27629 MiB
2026/09/15 15:55:26.140, 98 %, 321.47 W, 27628 MiB
2026/09/15 15:55:27.140, 99 %, 286.41 W, 27744 MiB
2026/09/15 15:55:28.141, 99 %, 250.13 W, 27628 MiB
2026/09/15 15:55:29.142, 94 %, 348.94 W, 27628 MiB
2026/09/15 15:55:30.142, 99 %, 345.85 W, 27628 MiB
2026/09/15 15:55:31.143, 98 %, 336.36 W, 27628 MiB
2026/09/15 15:55:32.143, 98 %, 330.91 W, 27628 MiB
2026/09/15 15:55:33.143, 99 %, 326.55 W, 27628 MiB
2026/09/15 15:55:34.143, 97 %, 322.25 W, 27746 MiB
2026/09/15 15:55:35.144, 99 %, 264.96 W, 27746 MiB
2026/09/15 15:55:36.144, 97 %, 281.96 W, 27632 MiB
2026/09/15 15:55:37.145, 98 %, 350.37 W, 27634 MiB
2026/09/15 15:55:38.145, 99 %, 340.54 W, 27634 MiB
2026/09/15 15:55:39.145, 97 %, 335.47 W, 27634 MiB
2026/09/15 15:55:40.146, 99 %, 329.92 W, 27634 MiB
2026/09/15 15:55:41.146, 99 %, 325.64 W, 27634 MiB
2026/09/15 15:55:42.147, 99 %, 306.80 W, 27750 MiB
2026/09/15 15:55:43.148, 99 %, 253.70 W, 27737 MiB
2026/09/15 15:55:44.148, 94 %, 320.65 W, 27624 MiB
2026/09/15 15:55:45.148, 98 %, 344.47 W, 27630 MiB
2026/09/15 15:55:46.149, 99 %, 342.48 W, 27630 MiB
2026/09/15 15:55:47.150, 99 %, 333.76 W, 27630 MiB
2026/09/15 15:55:48.150, 98 %, 327.62 W, 27630 MiB
2026/09/15 15:55:49.151, 98 %, 324.11 W, 27630 MiB
2026/09/15 15:55:50.151, 99 %, 277.82 W, 27746 MiB
2026/09/15 15:55:51.151, 97 %, 258.67 W, 27630 MiB
2026/09/15 15:55:52.152, 98 %, 355.50 W, 27630 MiB
2026/09/15 15:55:53.152, 98 %, 345.91 W, 27630 MiB
2026/09/15 15:55:54.153, 97 %, 337.77 W, 27630 MiB
2026/09/15 15:55:55.154, 90 %, 308.86 W, 27628 MiB
2026/09/15 15:55:56.154, 91 %, 303.20 W, 27630 MiB
2026/09/15 15:55:57.155, 99 %, 323.75 W, 27746 MiB
2026/09/15 15:55:58.156, 93 %, 267.61 W, 27006 MiB
2026/09/15 15:55:59.157, 98 %, 184.38 W, 27038 MiB
2026/09/15 15:56:00.158, 99 %, 370.73 W, 27038 MiB
2026/09/15 15:56:01.158, 99 %, 350.00 W, 27041 MiB
2026/09/15 15:56:02.158, 98 %, 343.53 W, 27009 MiB
2026/09/15 15:56:03.159, 98 %, 347.95 W, 27189 MiB
2026/09/15 15:56:04.159, 96 %, 354.43 W, 27189 MiB
2026/09/15 15:56:05.159, 98 %, 343.75 W, 27157 MiB
2026/09/15 15:56:06.160, 99 %, 337.53 W, 27187 MiB
2026/09/15 15:56:07.160, 98 %, 328.82 W, 27329 MiB
2026/09/15 15:56:08.160, 97 %, 332.27 W, 27480 MiB
2026/09/15 15:56:09.161, 97 %, 357.72 W, 27480 MiB
2026/09/15 15:56:10.161, 98 %, 347.99 W, 27596 MiB
2026/09/15 15:56:11.162, 98 %, 348.33 W, 27600 MiB
2026/09/15 15:56:12.162, 97 %, 324.81 W, 27750 MiB
2026/09/15 15:56:13.162, 98 %, 346.23 W, 27782 MiB
2026/09/15 15:56:14.163, 97 %, 336.61 W, 27779 MiB
2026/09/15 15:56:15.164, 98 %, 327.77 W, 27895 MiB
2026/09/15 15:56:16.164, 98 %, 335.07 W, 27930 MiB
2026/09/15 15:56:17.165, 99 %, 337.00 W, 28046 MiB
2026/09/15 15:56:18.165, 98 %, 332.40 W, 28194 MiB
2026/09/15 15:56:19.166, 99 %, 279.60 W, 28194 MiB
2026/09/15 15:56:20.167, 99 %, 253.46 W, 28193 MiB
2026/09/15 15:56:21.168, 99 %, 253.20 W, 28193 MiB
2026/09/15 15:56:22.169, 99 %, 247.88 W, 28192 MiB
2026/09/15 15:56:23.169, 99 %, 253.94 W, 28196 MiB
2026/09/15 15:56:24.169, 99 %, 255.03 W, 28196 MiB
2026/09/15 15:56:25.170, 99 %, 256.51 W, 28196 MiB
2026/09/15 15:56:26.171, 99 %, 254.09 W, 28196 MiB
2026/09/15 15:56:27.171, 99 %, 249.95 W, 28196 MiB
2026/09/15 15:56:28.172, 99 %, 256.42 W, 28196 MiB
2026/09/15 15:56:29.172, 99 %, 255.16 W, 28196 MiB
2026/09/15 15:56:30.172, 99 %, 248.94 W, 28194 MiB
2026/09/15 15:56:31.174, 99 %, 248.79 W, 28078 MiB
2026/09/15 15:56:32.174, 97 %, 338.45 W, 28042 MiB
2026/09/15 15:56:33.175, 98 %, 332.64 W, 28076 MiB
2026/09/15 15:56:34.175, 98 %, 338.78 W, 28046 MiB
2026/09/15 15:56:35.175, 98 %, 330.83 W, 28194 MiB
2026/09/15 15:56:36.176, 99 %, 257.09 W, 28194 MiB
2026/09/15 15:56:37.177, 99 %, 251.93 W, 28193 MiB
2026/09/15 15:56:38.178, 99 %, 251.98 W, 28189 MiB
2026/09/15 15:56:39.178, 97 %, 265.98 W, 28071 MiB
2026/09/15 15:56:40.178, 98 %, 340.52 W, 28073 MiB
2026/09/15 15:56:41.179, 98 %, 342.44 W, 28041 MiB
2026/09/15 15:56:42.179, 99 %, 330.24 W, 28071 MiB
2026/09/15 15:56:43.180, 95 %, 310.99 W, 28187 MiB
2026/09/15 15:56:44.181, 99 %, 248.98 W, 28187 MiB
2026/09/15 15:56:45.181, 99 %, 249.98 W, 28187 MiB
2026/09/15 15:56:46.182, 99 %, 242.77 W, 28197 MiB
2026/09/15 15:56:47.182, 99 %, 248.51 W, 28197 MiB
2026/09/15 15:56:48.182, 99 %, 250.38 W, 28049 MiB
2026/09/15 15:56:49.183, 99 %, 246.63 W, 28050 MiB
2026/09/15 15:56:50.184, 99 %, 243.04 W, 28050 MiB
2026/09/15 15:56:51.184, 99 %, 247.92 W, 28050 MiB
2026/09/15 15:56:52.185, 99 %, 248.63 W, 27902 MiB
2026/09/15 15:56:53.185, 99 %, 249.63 W, 27902 MiB
2026/09/15 15:56:54.186, 99 %, 250.27 W, 27902 MiB
2026/09/15 15:56:55.186, 99 %, 250.18 W, 27902 MiB
2026/09/15 15:56:56.187, 99 %, 250.30 W, 27902 MiB
2026/09/15 15:56:57.187, 99 %, 250.68 W, 27902 MiB
2026/09/15 15:56:58.188, 99 %, 248.60 W, 27734 MiB
2026/09/15 15:56:59.188, 99 %, 244.65 W, 27737 MiB
2026/09/15 15:57:00.189, 99 %, 247.01 W, 27737 MiB
2026/09/15 15:57:01.189, 99 %, 246.46 W, 27740 MiB
2026/09/15 15:57:02.190, 99 %, 242.29 W, 27740 MiB
2026/09/15 15:57:03.191, 99 %, 246.40 W, 27740 MiB
2026/09/15 15:57:04.191, 99 %, 249.67 W, 27740 MiB
2026/09/15 15:57:05.192, 99 %, 249.37 W, 27740 MiB
2026/09/15 15:57:06.192, 99 %, 250.01 W, 27740 MiB
2026/09/15 15:57:07.193, 99 %, 249.87 W, 27740 MiB
2026/09/15 15:57:08.193, 99 %, 250.41 W, 27740 MiB
2026/09/15 15:57:09.194, 99 %, 250.26 W, 27740 MiB
2026/09/15 15:57:10.194, 99 %, 250.31 W, 27740 MiB
2026/09/15 15:57:11.195, 99 %, 250.27 W, 27734 MiB
2026/09/15 15:57:12.196, 99 %, 247.10 W, 27730 MiB
2026/09/15 15:57:13.197, 99 %, 248.91 W, 27734 MiB
2026/09/15 15:57:14.197, 99 %, 249.43 W, 27734 MiB
2026/09/15 15:57:15.197, 99 %, 249.43 W, 27735 MiB
2026/09/15 15:57:16.199, 99 %, 248.83 W, 27735 MiB
2026/09/15 15:57:17.199, 99 %, 250.99 W, 27735 MiB
2026/09/15 15:57:18.199, 99 %, 250.13 W, 27745 MiB
2026/09/15 15:57:19.199, 99 %, 246.05 W, 27808 MiB
2026/09/15 15:57:20.200, 99 %, 239.68 W, 27823 MiB
2026/09/15 15:57:21.201, 99 %, 245.41 W, 27811 MiB
2026/09/15 15:57:22.201, 99 %, 243.88 W, 27805 MiB
2026/09/15 15:57:23.201, 99 %, 244.94 W, 27812 MiB
2026/09/15 15:57:24.202, 99 %, 248.30 W, 27818 MiB
2026/09/15 15:57:25.203, 99 %, 248.49 W, 27681 MiB
2026/09/15 15:57:26.203, 99 %, 249.73 W, 27681 MiB
2026/09/15 15:57:27.204, 99 %, 249.32 W, 27681 MiB
2026/09/15 15:57:28.204, 99 %, 250.53 W, 27669 MiB
2026/09/15 15:57:29.205, 99 %, 249.56 W, 27673 MiB
2026/09/15 15:57:30.206, 99 %, 250.26 W, 27667 MiB
2026/09/15 15:57:31.207, 99 %, 249.74 W, 27667 MiB
2026/09/15 15:57:32.207, 99 %, 249.68 W, 27667 MiB
2026/09/15 15:57:33.208, 99 %, 250.34 W, 27667 MiB
2026/09/15 15:57:34.209, 99 %, 250.56 W, 27667 MiB
2026/09/15 15:57:35.210, 99 %, 250.09 W, 27667 MiB
2026/09/15 15:57:36.211, 99 %, 250.38 W, 27667 MiB
2026/09/15 15:57:37.212, 99 %, 249.69 W, 27664 MiB
2026/09/15 15:57:38.212, 99 %, 251.02 W, 27664 MiB
2026/09/15 15:57:39.213, 99 %, 250.94 W, 27664 MiB
2026/09/15 15:57:40.213, 99 %, 250.77 W, 27664 MiB
2026/09/15 15:57:41.215, 99 %, 251.21 W, 27664 MiB
2026/09/15 15:57:42.215, 99 %, 250.57 W, 27664 MiB
2026/09/15 15:57:43.216, 99 %, 251.10 W, 27664 MiB
2026/09/15 15:57:44.217, 99 %, 251.46 W, 27664 MiB
2026/09/15 15:57:45.218, 99 %, 251.35 W, 27664 MiB
2026/09/15 15:57:46.218, 99 %, 252.34 W, 27664 MiB
2026/09/15 15:57:47.219, 99 %, 252.72 W, 27664 MiB
2026/09/15 15:57:48.219, 99 %, 253.53 W, 27664 MiB
2026/09/15 15:57:49.219, 99 %, 254.10 W, 27664 MiB
2026/09/15 15:57:50.220, 99 %, 254.01 W, 27664 MiB
2026/09/15 15:57:51.220, 99 %, 254.33 W, 27664 MiB
2026/09/15 15:57:52.221, 99 %, 253.35 W, 27664 MiB
2026/09/15 15:57:53.222, 99 %, 254.34 W, 27664 MiB
2026/09/15 15:57:54.222, 99 %, 254.33 W, 27664 MiB
2026/09/15 15:57:55.223, 99 %, 254.92 W, 27676 MiB
2026/09/15 15:57:56.223, 99 %, 252.40 W, 27653 MiB
2026/09/15 15:57:57.224, 99 %, 252.07 W, 27653 MiB
2026/09/15 15:57:58.225, 99 %, 252.91 W, 27653 MiB
2026/09/15 15:57:59.225, 99 %, 253.02 W, 27654 MiB
2026/09/15 15:58:00.226, 99 %, 253.86 W, 27650 MiB
2026/09/15 15:58:01.227, 99 %, 252.77 W, 27654 MiB
2026/09/15 15:58:02.228, 99 %, 248.37 W, 27676 MiB
2026/09/15 15:58:03.229, 98 %, 250.06 W, 27676 MiB
2026/09/15 15:58:04.229, 99 %, 246.65 W, 27676 MiB
2026/09/15 15:58:05.230, 99 %, 245.52 W, 27676 MiB
2026/09/15 15:58:06.231, 99 %, 248.90 W, 27681 MiB
2026/09/15 15:58:07.231, 99 %, 250.17 W, 27666 MiB
2026/09/15 15:58:08.231, 99 %, 252.81 W, 27662 MiB
2026/09/15 15:58:09.231, 99 %, 249.82 W, 27720 MiB
2026/09/15 15:58:10.233, 99 %, 237.71 W, 27983 MiB
2026/09/15 15:58:11.233, 99 %, 245.07 W, 27974 MiB
2026/09/15 15:58:12.234, 99 %, 251.79 W, 27969 MiB
2026/09/15 15:58:13.234, 99 %, 250.79 W, 27944 MiB
2026/09/15 15:58:14.235, 99 %, 253.51 W, 27944 MiB
2026/09/15 15:58:15.235, 99 %, 253.43 W, 27944 MiB
2026/09/15 15:58:16.236, 99 %, 252.82 W, 27679 MiB
2026/09/15 15:58:17.236, 99 %, 248.24 W, 27652 MiB
2026/09/15 15:58:18.237, 99 %, 245.32 W, 27657 MiB
2026/09/15 15:58:19.238, 99 %, 246.58 W, 27657 MiB
2026/09/15 15:58:20.238, 99 %, 245.88 W, 27658 MiB
2026/09/15 15:58:21.239, 99 %, 250.72 W, 27658 MiB
2026/09/15 15:58:22.239, 99 %, 252.42 W, 27658 MiB
2026/09/15 15:58:23.240, 99 %, 251.61 W, 27658 MiB
2026/09/15 15:58:24.241, 99 %, 249.59 W, 27658 MiB
2026/09/15 15:58:25.242, 99 %, 246.74 W, 27510 MiB
2026/09/15 15:58:26.242, 99 %, 245.18 W, 27510 MiB
2026/09/15 15:58:27.243, 99 %, 244.58 W, 27513 MiB
2026/09/15 15:58:28.244, 99 %, 237.92 W, 27584 MiB
2026/09/15 15:58:29.244, 99 %, 237.56 W, 27588 MiB
2026/09/15 15:58:30.245, 99 %, 243.48 W, 27587 MiB
2026/09/15 15:58:31.246, 99 %, 243.18 W, 27581 MiB
2026/09/15 15:58:32.247, 99 %, 239.85 W, 27577 MiB
2026/09/15 15:58:33.247, 99 %, 241.48 W, 27478 MiB
2026/09/15 15:58:34.248, 99 %, 243.61 W, 27482 MiB
2026/09/15 15:58:35.248, 99 %, 243.43 W, 27482 MiB
2026/09/15 15:58:36.249, 99 %, 243.71 W, 27482 MiB
2026/09/15 15:58:37.250, 99 %, 244.40 W, 27482 MiB
2026/09/15 15:58:38.250, 99 %, 244.72 W, 27482 MiB
2026/09/15 15:58:39.250, 99 %, 243.99 W, 27482 MiB
2026/09/15 15:58:40.251, 99 %, 243.87 W, 27482 MiB
2026/09/15 15:58:41.251, 99 %, 244.98 W, 27482 MiB
2026/09/15 15:58:42.252, 99 %, 245.23 W, 27482 MiB
2026/09/15 15:58:43.252, 99 %, 245.95 W, 27482 MiB
2026/09/15 15:58:44.252, 99 %, 246.25 W, 27481 MiB
2026/09/15 15:58:45.253, 99 %, 246.08 W, 27481 MiB
2026/09/15 15:58:46.254, 99 %, 242.10 W, 27479 MiB
2026/09/15 15:58:47.254, 99 %, 244.80 W, 27479 MiB
2026/09/15 15:58:48.254, 99 %, 234.32 W, 27479 MiB
2026/09/15 15:58:49.255, 99 %, 228.83 W, 27479 MiB
2026/09/15 15:58:50.256, 99 %, 230.69 W, 27483 MiB
2026/09/15 15:58:51.256, 99 %, 232.93 W, 27483 MiB
2026/09/15 15:58:52.256, 99 %, 233.42 W, 27483 MiB
2026/09/15 15:58:53.257, 99 %, 233.93 W, 27483 MiB
2026/09/15 15:58:54.257, 99 %, 233.48 W, 27483 MiB
2026/09/15 15:58:55.258, 99 %, 233.30 W, 27482 MiB
2026/09/15 15:58:56.259, 99 %, 234.21 W, 27482 MiB
2026/09/15 15:58:57.259, 99 %, 234.58 W, 27482 MiB
2026/09/15 15:58:58.260, 99 %, 234.88 W, 27482 MiB
2026/09/15 15:58:59.261, 99 %, 233.58 W, 27482 MiB
2026/09/15 15:59:00.262, 99 %, 234.58 W, 27482 MiB
2026/09/15 15:59:01.262, 99 %, 234.50 W, 27485 MiB
2026/09/15 15:59:02.262, 99 %, 234.09 W, 27484 MiB
2026/09/15 15:59:03.263, 99 %, 233.93 W, 27484 MiB
2026/09/15 15:59:04.264, 99 %, 234.15 W, 27484 MiB
2026/09/15 15:59:05.264, 99 %, 234.18 W, 27484 MiB
2026/09/15 15:59:06.264, 99 %, 233.78 W, 27480 MiB
2026/09/15 15:59:07.265, 99 %, 235.10 W, 27476 MiB
2026/09/15 15:59:08.266, 99 %, 235.51 W, 27476 MiB
2026/09/15 15:59:09.266, 99 %, 236.20 W, 27476 MiB
2026/09/15 15:59:10.267, 99 %, 236.00 W, 27476 MiB
2026/09/15 15:59:11.268, 99 %, 234.96 W, 27476 MiB
2026/09/15 15:59:12.273, 99 %, 231.18 W, 27476 MiB
2026/09/15 15:59:13.274, 99 %, 232.24 W, 27476 MiB
2026/09/15 15:59:14.275, 99 %, 231.96 W, 27472 MiB
2026/09/15 15:59:15.276, 100 %, 232.59 W, 27476 MiB
2026/09/15 15:59:16.277, 100 %, 231.49 W, 27476 MiB
2026/09/15 15:59:17.277, 99 %, 232.41 W, 27508 MiB
2026/09/15 15:59:18.277, 99 %, 234.73 W, 27507 MiB
2026/09/15 15:59:19.278, 99 %, 234.04 W, 27498 MiB
2026/09/15 15:59:20.278, 99 %, 234.75 W, 27517 MiB
2026/09/15 15:59:21.279, 99 %, 229.90 W, 27517 MiB
2026/09/15 15:59:22.279, 99 %, 233.72 W, 27516 MiB
2026/09/15 15:59:23.279, 99 %, 233.07 W, 27509 MiB
2026/09/15 15:59:24.280, 99 %, 234.77 W, 27509 MiB
2026/09/15 15:59:25.281, 99 %, 233.78 W, 27509 MiB
2026/09/15 15:59:26.281, 99 %, 236.48 W, 27506 MiB
2026/09/15 15:59:27.282, 99 %, 237.54 W, 27506 MiB
2026/09/15 15:59:28.282, 99 %, 232.81 W, 27539 MiB
2026/09/15 15:59:29.282, 99 %, 231.15 W, 27526 MiB
2026/09/15 15:59:30.282, 99 %, 230.48 W, 27531 MiB
2026/09/15 15:59:31.284, 99 %, 226.33 W, 27530 MiB
2026/09/15 15:59:32.284, 99 %, 229.66 W, 27521 MiB
2026/09/15 15:59:33.285, 99 %, 238.10 W, 27521 MiB
2026/09/15 15:59:34.286, 99 %, 238.09 W, 27520 MiB
2026/09/15 15:59:35.286, 99 %, 234.24 W, 27507 MiB
2026/09/15 15:59:36.286, 99 %, 233.81 W, 27483 MiB
2026/09/15 15:59:37.287, 99 %, 232.59 W, 27514 MiB
2026/09/15 15:59:38.287, 99 %, 235.94 W, 27514 MiB
2026/09/15 15:59:39.288, 99 %, 235.02 W, 27522 MiB
2026/09/15 15:59:40.288, 99 %, 235.35 W, 27522 MiB
2026/09/15 15:59:41.289, 99 %, 236.47 W, 27522 MiB
2026/09/15 15:59:42.289, 99 %, 232.79 W, 27521 MiB
2026/09/15 15:59:43.290, 99 %, 235.15 W, 27521 MiB
2026/09/15 15:59:44.290, 99 %, 239.15 W, 27521 MiB
2026/09/15 15:59:45.290, 99 %, 239.27 W, 27521 MiB
2026/09/15 15:59:46.291, 99 %, 239.52 W, 27521 MiB
2026/09/15 15:59:47.291, 99 %, 238.88 W, 27521 MiB
2026/09/15 15:59:48.292, 99 %, 239.50 W, 27520 MiB
2026/09/15 15:59:49.292, 99 %, 238.64 W, 27521 MiB
2026/09/15 15:59:50.293, 99 %, 235.55 W, 27521 MiB
2026/09/15 15:59:51.294, 99 %, 238.32 W, 27521 MiB
2026/09/15 15:59:52.294, 99 %, 235.66 W, 27521 MiB
2026/09/15 15:59:53.295, 100 %, 235.32 W, 27521 MiB
2026/09/15 15:59:54.296, 99 %, 237.72 W, 27521 MiB
2026/09/15 15:59:55.297, 99 %, 239.22 W, 27521 MiB
2026/09/15 15:59:56.297, 99 %, 238.42 W, 27521 MiB
2026/09/15 15:59:57.298, 99 %, 237.67 W, 27521 MiB
2026/09/15 15:59:58.298, 99 %, 237.97 W, 27521 MiB
2026/09/15 15:59:59.299, 99 %, 238.43 W, 27521 MiB
2026/09/15 16:00:00.300, 100 %, 239.14 W, 27520 MiB
2026/09/15 16:00:01.300, 99 %, 239.00 W, 27524 MiB
2026/09/15 16:00:02.301, 99 %, 237.94 W, 27524 MiB
2026/09/15 16:00:03.301, 99 %, 238.70 W, 27524 MiB
2026/09/15 16:00:04.302, 99 %, 238.38 W, 27524 MiB
2026/09/15 16:00:05.303, 100 %, 239.60 W, 27524 MiB
2026/09/15 16:00:06.303, 99 %, 238.50 W, 27517 MiB
2026/09/15 16:00:07.304, 99 %, 238.60 W, 27517 MiB
2026/09/15 16:00:08.305, 99 %, 238.06 W, 27517 MiB
2026/09/15 16:00:09.305, 100 %, 238.09 W, 27517 MiB
2026/09/15 16:00:10.306, 99 %, 239.95 W, 27517 MiB
2026/09/15 16:00:11.307, 100 %, 239.36 W, 27517 MiB
2026/09/15 16:00:12.307, 99 %, 238.45 W, 27517 MiB
2026/09/15 16:00:13.308, 99 %, 239.68 W, 27517 MiB
2026/09/15 16:00:14.308, 99 %, 241.01 W, 27517 MiB
2026/09/15 16:00:15.308, 99 %, 240.96 W, 27517 MiB
2026/09/15 16:00:16.309, 99 %, 240.06 W, 27517 MiB
2026/09/15 16:00:17.309, 99 %, 241.25 W, 27517 MiB
2026/09/15 16:00:18.310, 100 %, 240.91 W, 27517 MiB
2026/09/15 16:00:19.310, 99 %, 241.99 W, 27517 MiB
2026/09/15 16:00:20.311, 99 %, 241.38 W, 27518 MiB
2026/09/15 16:00:21.312, 99 %, 238.06 W, 27516 MiB
2026/09/15 16:00:22.313, 100 %, 240.90 W, 27516 MiB
2026/09/15 16:00:23.314, 99 %, 240.81 W, 27520 MiB
2026/09/15 16:00:24.314, 99 %, 238.72 W, 27520 MiB
2026/09/15 16:00:25.315, 99 %, 241.59 W, 27520 MiB
2026/09/15 16:00:26.315, 99 %, 239.77 W, 27519 MiB
2026/09/15 16:00:27.316, 100 %, 237.63 W, 27511 MiB
2026/09/15 16:00:28.316, 99 %, 238.50 W, 27515 MiB
2026/09/15 16:00:29.316, 99 %, 241.54 W, 27519 MiB
2026/09/15 16:00:30.317, 99 %, 241.36 W, 27519 MiB
2026/09/15 16:00:31.317, 99 %, 241.14 W, 27519 MiB
2026/09/15 16:00:32.318, 99 %, 241.37 W, 27519 MiB
2026/09/15 16:00:33.319, 99 %, 240.43 W, 27519 MiB
2026/09/15 16:00:34.319, 99 %, 241.26 W, 27519 MiB
2026/09/15 16:00:35.320, 99 %, 242.01 W, 27519 MiB
2026/09/15 16:00:36.320, 99 %, 241.36 W, 27519 MiB
2026/09/15 16:00:37.321, 100 %, 241.91 W, 27519 MiB
2026/09/15 16:00:38.321, 99 %, 240.06 W, 27519 MiB
2026/09/15 16:00:39.321, 99 %, 241.42 W, 27519 MiB
2026/09/15 16:00:40.322, 99 %, 241.66 W, 27519 MiB
2026/09/15 16:00:41.323, 99 %, 242.94 W, 27519 MiB
2026/09/15 16:00:42.324, 99 %, 241.99 W, 27519 MiB
2026/09/15 16:00:43.324, 99 %, 243.23 W, 27519 MiB
2026/09/15 16:00:44.326, 99 %, 243.46 W, 27519 MiB
2026/09/15 16:00:45.328, 99 %, 243.11 W, 27519 MiB
2026/09/15 16:00:46.329, 99 %, 240.66 W, 27520 MiB
2026/09/15 16:00:47.329, 99 %, 242.75 W, 27520 MiB
2026/09/15 16:00:48.330, 99 %, 240.04 W, 27520 MiB
2026/09/15 16:00:49.330, 99 %, 239.25 W, 27520 MiB
2026/09/15 16:00:50.330, 99 %, 241.75 W, 27519 MiB
2026/09/15 16:00:51.331, 99 %, 244.11 W, 27519 MiB
2026/09/15 16:00:52.331, 99 %, 245.05 W, 27519 MiB
2026/09/15 16:00:53.332, 99 %, 245.11 W, 27519 MiB
2026/09/15 16:00:54.332, 99 %, 244.99 W, 27519 MiB
2026/09/15 16:00:55.333, 99 %, 244.70 W, 27519 MiB
2026/09/15 16:00:56.333, 99 %, 244.95 W, 27519 MiB
2026/09/15 16:00:57.334, 99 %, 244.76 W, 27519 MiB
2026/09/15 16:00:58.335, 99 %, 245.18 W, 27519 MiB
2026/09/15 16:00:59.336, 99 %, 245.38 W, 27518 MiB
2026/09/15 16:01:00.336, 99 %, 246.00 W, 27518 MiB
2026/09/15 16:01:01.337, 99 %, 245.43 W, 27518 MiB
2026/09/15 16:01:02.337, 99 %, 245.50 W, 27521 MiB
2026/09/15 16:01:03.338, 99 %, 245.13 W, 27521 MiB
2026/09/15 16:01:04.338, 99 %, 245.36 W, 27521 MiB
2026/09/15 16:01:05.338, 99 %, 245.25 W, 27521 MiB
2026/09/15 16:01:06.339, 99 %, 245.20 W, 27521 MiB
2026/09/15 16:01:07.340, 99 %, 242.01 W, 27521 MiB
2026/09/15 16:01:08.341, 100 %, 243.56 W, 27521 MiB
2026/09/15 16:01:09.341, 99 %, 244.58 W, 27521 MiB
2026/09/15 16:01:10.342, 99 %, 243.65 W, 27521 MiB
2026/09/15 16:01:11.343, 100 %, 244.82 W, 27521 MiB
2026/09/15 16:01:12.343, 99 %, 244.40 W, 27521 MiB
2026/09/15 16:01:13.343, 99 %, 243.61 W, 27521 MiB
2026/09/15 16:01:14.345, 99 %, 244.43 W, 27521 MiB
2026/09/15 16:01:15.345, 99 %, 244.42 W, 27521 MiB
2026/09/15 16:01:16.349, 100 %, 245.17 W, 27521 MiB
2026/09/15 16:01:17.350, 99 %, 243.88 W, 27482 MiB
2026/09/15 16:01:18.350, 99 %, 239.21 W, 27511 MiB
2026/09/15 16:01:19.350, 99 %, 234.67 W, 27574 MiB
2026/09/15 16:01:20.350, 99 %, 242.10 W, 27574 MiB
2026/09/15 16:01:21.352, 99 %, 245.58 W, 27561 MiB
2026/09/15 16:01:22.353, 99 %, 240.26 W, 27549 MiB
2026/09/15 16:01:23.353, 99 %, 240.92 W, 27549 MiB
2026/09/15 16:01:24.354, 99 %, 245.40 W, 27549 MiB
2026/09/15 16:01:25.354, 100 %, 243.43 W, 27500 MiB
2026/09/15 16:01:26.355, 99 %, 244.67 W, 27500 MiB
2026/09/15 16:01:27.356, 99 %, 243.18 W, 27500 MiB
2026/09/15 16:01:28.356, 99 %, 241.92 W, 27500 MiB
2026/09/15 16:01:29.357, 99 %, 243.71 W, 27500 MiB
2026/09/15 16:01:30.357, 99 %, 244.96 W, 27500 MiB
2026/09/15 16:01:31.357, 100 %, 244.66 W, 27500 MiB
2026/09/15 16:01:32.358, 99 %, 244.41 W, 27499 MiB
2026/09/15 16:01:33.358, 99 %, 240.06 W, 27507 MiB
2026/09/15 16:01:34.359, 99 %, 246.88 W, 27507 MiB
2026/09/15 16:01:35.359, 99 %, 246.97 W, 27507 MiB
2026/09/15 16:01:36.360, 99 %, 247.95 W, 27507 MiB
2026/09/15 16:01:37.360, 99 %, 247.73 W, 27507 MiB
2026/09/15 16:01:38.360, 99 %, 247.83 W, 27507 MiB
2026/09/15 16:01:39.361, 99 %, 248.10 W, 27507 MiB
2026/09/15 16:01:40.362, 99 %, 248.05 W, 27507 MiB
2026/09/15 16:01:41.362, 99 %, 247.94 W, 27507 MiB
2026/09/15 16:01:42.362, 99 %, 248.17 W, 27507 MiB
2026/09/15 16:01:43.362, 99 %, 248.85 W, 27507 MiB
2026/09/15 16:01:44.364, 99 %, 248.77 W, 27507 MiB
2026/09/15 16:01:45.364, 99 %, 248.46 W, 27512 MiB
2026/09/15 16:01:46.364, 99 %, 248.42 W, 27512 MiB
2026/09/15 16:01:47.365, 99 %, 248.93 W, 27511 MiB
2026/09/15 16:01:48.365, 99 %, 248.93 W, 27511 MiB
2026/09/15 16:01:49.366, 99 %, 249.12 W, 27511 MiB
2026/09/15 16:01:50.366, 99 %, 248.26 W, 27511 MiB
2026/09/15 16:01:51.367, 100 %, 249.52 W, 27511 MiB
2026/09/15 16:01:52.368, 99 %, 249.61 W, 27511 MiB
2026/09/15 16:01:53.369, 99 %, 249.81 W, 27511 MiB
2026/09/15 16:01:54.369, 99 %, 249.43 W, 27511 MiB
2026/09/15 16:01:55.369, 100 %, 249.95 W, 27511 MiB
2026/09/15 16:01:56.370, 99 %, 248.05 W, 27511 MiB
2026/09/15 16:01:57.370, 99 %, 249.49 W, 27511 MiB
2026/09/15 16:01:58.371, 99 %, 249.26 W, 27511 MiB
2026/09/15 16:01:59.371, 99 %, 248.09 W, 27511 MiB
2026/09/15 16:02:00.372, 99 %, 249.16 W, 27511 MiB
2026/09/15 16:02:01.372, 99 %, 249.32 W, 27514 MiB
2026/09/15 16:02:02.373, 99 %, 249.48 W, 27514 MiB
2026/09/15 16:02:03.373, 99 %, 248.96 W, 27514 MiB
2026/09/15 16:02:04.374, 99 %, 250.05 W, 27514 MiB
2026/09/15 16:02:05.374, 99 %, 249.95 W, 27514 MiB
2026/09/15 16:02:06.375, 99 %, 246.90 W, 27518 MiB
2026/09/15 16:02:07.376, 99 %, 246.42 W, 27518 MiB
2026/09/15 16:02:08.376, 99 %, 249.58 W, 27516 MiB
2026/09/15 16:02:09.376, 99 %, 249.77 W, 27514 MiB
2026/09/15 16:02:10.376, 99 %, 249.88 W, 27514 MiB
2026/09/15 16:02:11.376, 100 %, 249.75 W, 27516 MiB
2026/09/15 16:02:12.377, 99 %, 248.23 W, 27514 MiB
2026/09/15 16:02:13.377, 99 %, 250.50 W, 27511 MiB
2026/09/15 16:02:14.378, 99 %, 250.90 W, 27511 MiB
2026/09/15 16:02:15.378, 99 %, 251.06 W, 27514 MiB
2026/09/15 16:02:16.378, 99 %, 250.83 W, 27514 MiB
2026/09/15 16:02:17.379, 99 %, 251.22 W, 27514 MiB
2026/09/15 16:02:18.379, 99 %, 250.99 W, 27514 MiB
2026/09/15 16:02:19.379, 99 %, 251.28 W, 27514 MiB
2026/09/15 16:02:20.379, 99 %, 250.13 W, 27514 MiB
2026/09/15 16:02:21.380, 99 %, 250.96 W, 27514 MiB
2026/09/15 16:02:22.380, 99 %, 251.34 W, 27514 MiB
2026/09/15 16:02:23.381, 99 %, 251.69 W, 27514 MiB
2026/09/15 16:02:24.381, 99 %, 251.20 W, 27514 MiB
2026/09/15 16:02:25.381, 99 %, 252.31 W, 27514 MiB
2026/09/15 16:02:26.382, 99 %, 251.82 W, 27517 MiB
2026/09/15 16:02:27.382, 99 %, 251.10 W, 27512 MiB
2026/09/15 16:02:28.382, 99 %, 248.56 W, 27512 MiB
2026/09/15 16:02:29.383, 99 %, 247.35 W, 27512 MiB
2026/09/15 16:02:30.383, 99 %, 245.26 W, 27512 MiB
2026/09/15 16:02:31.384, 99 %, 244.11 W, 27512 MiB
2026/09/15 16:02:32.385, 100 %, 243.66 W, 27512 MiB
2026/09/15 16:02:33.385, 99 %, 242.20 W, 27512 MiB
2026/09/15 16:02:34.386, 99 %, 239.88 W, 27512 MiB
2026/09/15 16:02:35.387, 99 %, 239.22 W, 27512 MiB
2026/09/15 16:02:36.388, 99 %, 238.46 W, 27512 MiB
2026/09/15 16:02:37.388, 99 %, 236.82 W, 27512 MiB
2026/09/15 16:02:38.389, 99 %, 236.36 W, 27512 MiB
2026/09/15 16:02:39.389, 99 %, 235.27 W, 27512 MiB
2026/09/15 16:02:40.390, 100 %, 233.96 W, 27512 MiB
2026/09/15 16:02:41.391, 99 %, 232.66 W, 27512 MiB
2026/09/15 16:02:42.391, 100 %, 226.39 W, 27512 MiB
2026/09/15 16:02:43.392, 100 %, 232.49 W, 27512 MiB
2026/09/15 16:02:44.392, 100 %, 232.32 W, 27512 MiB
2026/09/15 16:02:45.393, 99 %, 231.14 W, 27512 MiB
2026/09/15 16:02:46.393, 99 %, 231.81 W, 27512 MiB
2026/09/15 16:02:47.393, 99 %, 231.55 W, 27512 MiB
2026/09/15 16:02:48.393, 99 %, 232.14 W, 27512 MiB
2026/09/15 16:02:49.393, 99 %, 232.16 W, 27512 MiB
2026/09/15 16:02:50.394, 100 %, 231.80 W, 27510 MiB
2026/09/15 16:02:51.394, 99 %, 232.07 W, 27510 MiB
2026/09/15 16:02:52.395, 99 %, 232.25 W, 27510 MiB
2026/09/15 16:02:53.395, 99 %, 232.11 W, 27510 MiB
2026/09/15 16:02:54.396, 99 %, 230.73 W, 27362 MiB
2026/09/15 16:02:55.396, 99 %, 249.06 W, 27362 MiB
2026/09/15 16:02:56.397, 99 %, 251.21 W, 27214 MiB
2026/09/15 16:02:57.397, 99 %, 254.09 W, 27214 MiB
2026/09/15 16:02:58.398, 99 %, 254.65 W, 27205 MiB
2026/09/15 16:02:59.399, 99 %, 253.26 W, 27205 MiB
2026/09/15 16:03:00.399, 99 %, 252.94 W, 27205 MiB
2026/09/15 16:03:01.400, 99 %, 251.24 W, 27222 MiB
2026/09/15 16:03:02.409, 99 %, 251.74 W, 27221 MiB
2026/09/15 16:03:03.410, 99 %, 253.51 W, 27221 MiB
2026/09/15 16:03:04.410, 99 %, 253.56 W, 27221 MiB
2026/09/15 16:03:05.411, 99 %, 255.41 W, 27221 MiB
2026/09/15 16:03:06.412, 99 %, 255.40 W, 27221 MiB
2026/09/15 16:03:07.412, 99 %, 265.08 W, 27066 MiB
2026/09/15 16:03:08.413, 99 %, 288.91 W, 27067 MiB
2026/09/15 16:03:09.413, 99 %, 290.57 W, 27067 MiB
2026/09/15 16:03:10.413, 99 %, 289.76 W, 27064 MiB
2026/09/15 16:03:11.414, 99 %, 291.81 W, 27064 MiB
2026/09/15 16:03:12.415, 99 %, 291.83 W, 27066 MiB
2026/09/15 16:03:13.416, 99 %, 288.38 W, 27063 MiB
2026/09/15 16:03:14.416, 99 %, 290.69 W, 27063 MiB
2026/09/15 16:03:15.417, 99 %, 288.02 W, 27063 MiB
2026/09/15 16:03:16.418, 99 %, 287.11 W, 27067 MiB
2026/09/15 16:03:17.419, 99 %, 289.36 W, 27067 MiB
2026/09/15 16:03:18.419, 99 %, 292.50 W, 27067 MiB
2026/09/15 16:03:19.419, 99 %, 291.54 W, 27067 MiB
2026/09/15 16:03:20.420, 99 %, 292.40 W, 27067 MiB
2026/09/15 16:03:21.420, 99 %, 292.16 W, 27067 MiB
2026/09/15 16:03:22.421, 99 %, 292.31 W, 27067 MiB
2026/09/15 16:03:23.422, 99 %, 292.26 W, 27067 MiB
2026/09/15 16:03:24.423, 99 %, 292.54 W, 27067 MiB
2026/09/15 16:03:25.423, 99 %, 292.55 W, 27067 MiB
2026/09/15 16:03:26.424, 99 %, 292.27 W, 27067 MiB
2026/09/15 16:03:27.425, 99 %, 292.92 W, 27067 MiB
2026/09/15 16:03:28.425, 99 %, 292.80 W, 27067 MiB
2026/09/15 16:03:29.426, 99 %, 292.61 W, 27067 MiB
2026/09/15 16:03:30.427, 99 %, 293.10 W, 27067 MiB
2026/09/15 16:03:31.427, 99 %, 293.02 W, 27067 MiB
2026/09/15 16:03:32.428, 99 %, 293.36 W, 27067 MiB
2026/09/15 16:03:33.429, 98 %, 292.29 W, 27067 MiB
2026/09/15 16:03:34.429, 2 %, 177.39 W, 26919 MiB
