2026/09/15 15:24:36.338, 1 %, 67.08 W, 26746 MiB
2026/09/15 15:24:37.341, 1 %, 67.49 W, 26744 MiB
2026/09/15 15:24:38.342, 0 %, 67.11 W, 26744 MiB
2026/09/15 15:24:39.343, 97 %, 261.90 W, 26775 MiB
2026/09/15 15:24:40.343, 0 %, 231.68 W, 26743 MiB
2026/09/15 15:24:41.344, 1 %, 67.79 W, 26743 MiB
2026/09/15 15:24:42.344, 1 %, 67.48 W, 26743 MiB
2026/09/15 15:24:43.345, 1 %, 67.20 W, 26743 MiB
2026/09/15 15:24:44.345, 2 %, 67.06 W, 26744 MiB
2026/09/15 15:24:45.345, 3 %, 67.43 W, 26744 MiB
2026/09/15 15:24:46.346, 98 %, 221.71 W, 26778 MiB
2026/09/15 15:24:47.347, 98 %, 346.50 W, 26926 MiB
2026/09/15 15:24:48.348, 98 %, 348.93 W, 26894 MiB
2026/09/15 15:24:49.348, 98 %, 336.92 W, 27070 MiB
2026/09/15 15:24:50.349, 96 %, 338.33 W, 27186 MiB
2026/09/15 15:24:51.350, 99 %, 280.15 W, 26894 MiB
2026/09/15 15:24:52.350, 99 %, 282.93 W, 26894 MiB
2026/09/15 15:24:53.351, 99 %, 283.51 W, 26894 MiB
2026/09/15 15:24:54.352, 1 %, 206.62 W, 26746 MiB
2026/09/15 15:24:55.352, 1 %, 67.93 W, 26745 MiB
2026/09/15 15:24:56.353, 2 %, 67.62 W, 26745 MiB
2026/09/15 15:24:57.354, 1 %, 67.63 W, 26745 MiB
2026/09/15 15:24:58.354, 2 %, 67.08 W, 26745 MiB
2026/09/15 15:24:59.355, 1 %, 67.00 W, 26745 MiB
2026/09/15 15:25:00.355, 0 %, 66.70 W, 26745 MiB
2026/09/15 15:25:01.355, 0 %, 66.60 W, 26749 MiB
2026/09/15 15:25:02.356, 1 %, 66.63 W, 26748 MiB
2026/09/15 15:25:03.356, 0 %, 66.91 W, 26748 MiB
2026/09/15 15:25:04.359, 1 %, 66.69 W, 26748 MiB
2026/09/15 15:25:05.359, 1 %, 67.15 W, 26748 MiB
2026/09/15 15:25:06.360, 1 %, 67.20 W, 26748 MiB
2026/09/15 15:25:07.361, 1 %, 67.13 W, 26748 MiB
2026/09/15 15:25:08.361, 1 %, 66.90 W, 26748 MiB
2026/09/15 15:25:09.362, 0 %, 66.77 W, 26748 MiB
2026/09/15 15:25:10.363, 0 %, 66.74 W, 26748 MiB
2026/09/15 15:25:11.363, 1 %, 66.77 W, 26748 MiB
2026/09/15 15:25:12.363, 0 %, 66.88 W, 26748 MiB
2026/09/15 15:25:13.364, 0 %, 67.02 W, 26748 MiB
2026/09/15 15:25:14.364, 0 %, 66.97 W, 26748 MiB
2026/09/15 15:25:15.364, 0 %, 66.79 W, 26748 MiB
2026/09/15 15:25:16.365, 0 %, 67.00 W, 26748 MiB
2026/09/15 15:25:17.365, 0 %, 67.21 W, 26748 MiB
2026/09/15 15:25:18.366, 0 %, 67.06 W, 26748 MiB
2026/09/15 15:25:19.367, 1 %, 67.36 W, 26748 MiB
2026/09/15 15:25:20.367, 1 %, 66.96 W, 26748 MiB
2026/09/15 15:25:21.367, 2 %, 66.94 W, 26748 MiB
2026/09/15 15:25:22.368, 0 %, 66.89 W, 26748 MiB
2026/09/15 15:25:23.369, 0 %, 66.81 W, 26748 MiB
2026/09/15 15:25:24.370, 0 %, 66.72 W, 26748 MiB
2026/09/15 15:25:25.371, 0 %, 67.04 W, 26748 MiB
2026/09/15 15:25:26.371, 0 %, 67.36 W, 26749 MiB
2026/09/15 15:25:27.371, 0 %, 67.12 W, 26744 MiB
2026/09/15 15:25:28.373, 1 %, 67.15 W, 26744 MiB
2026/09/15 15:25:29.374, 1 %, 67.11 W, 26744 MiB
2026/09/15 15:25:30.374, 2 %, 67.32 W, 26741 MiB
2026/09/15 15:25:31.375, 2 %, 67.63 W, 26741 MiB
2026/09/15 15:25:32.375, 1 %, 67.41 W, 26741 MiB
2026/09/15 15:25:33.376, 2 %, 67.58 W, 26741 MiB
2026/09/15 15:25:34.376, 2 %, 67.71 W, 26741 MiB
2026/09/15 15:25:35.377, 3 %, 67.95 W, 26746 MiB
2026/09/15 15:25:36.377, 2 %, 67.48 W, 26746 MiB
2026/09/15 15:25:37.378, 1 %, 67.56 W, 26746 MiB
2026/09/15 15:25:38.379, 2 %, 66.77 W, 26746 MiB
2026/09/15 15:25:39.379, 5 %, 67.92 W, 26746 MiB
2026/09/15 15:25:40.379, 2 %, 67.35 W, 26745 MiB
2026/09/15 15:25:41.379, 2 %, 67.50 W, 26743 MiB
2026/09/15 15:25:42.381, 1 %, 67.13 W, 26743 MiB
2026/09/15 15:25:43.381, 1 %, 66.81 W, 26743 MiB
2026/09/15 15:25:44.382, 1 %, 66.91 W, 26743 MiB
2026/09/15 15:25:45.383, 0 %, 67.10 W, 26743 MiB
2026/09/15 15:25:46.385, 1 %, 67.09 W, 26743 MiB
2026/09/15 15:25:47.385, 0 %, 66.83 W, 26743 MiB
2026/09/15 15:25:48.386, 0 %, 67.06 W, 26743 MiB
2026/09/15 15:25:49.387, 0 %, 66.85 W, 26743 MiB
2026/09/15 15:25:50.387, 0 %, 67.05 W, 26743 MiB
2026/09/15 15:25:51.387, 0 %, 66.95 W, 26743 MiB
2026/09/15 15:25:52.388, 0 %, 66.68 W, 26743 MiB
2026/09/15 15:25:53.389, 0 %, 66.60 W, 26743 MiB
2026/09/15 15:25:54.390, 2 %, 66.58 W, 26744 MiB
2026/09/15 15:25:55.390, 1 %, 66.94 W, 26744 MiB
2026/09/15 15:25:56.391, 1 %, 67.04 W, 26744 MiB
2026/09/15 15:25:57.391, 1 %, 66.93 W, 26744 MiB
2026/09/15 15:25:58.392, 1 %, 66.89 W, 26739 MiB
2026/09/15 15:25:59.392, 0 %, 67.06 W, 26743 MiB
2026/09/15 15:26:00.393, 0 %, 66.71 W, 26743 MiB
2026/09/15 15:26:01.393, 0 %, 66.42 W, 26743 MiB
2026/09/15 15:26:02.394, 97 %, 233.52 W, 26927 MiB
2026/09/15 15:26:03.394, 95 %, 361.59 W, 27223 MiB
2026/09/15 15:26:04.395, 97 %, 348.46 W, 27339 MiB
2026/09/15 15:26:05.395, 97 %, 345.79 W, 27371 MiB
2026/09/15 15:26:06.395, 99 %, 334.59 W, 27371 MiB
2026/09/15 15:26:07.396, 99 %, 324.71 W, 27371 MiB
2026/09/15 15:26:08.396, 98 %, 321.32 W, 27370 MiB
2026/09/15 15:26:09.397, 99 %, 308.26 W, 27370 MiB
2026/09/15 15:26:10.397, 99 %, 290.02 W, 27486 MiB
2026/09/15 15:26:11.398, 97 %, 253.41 W, 27370 MiB
2026/09/15 15:26:12.398, 98 %, 343.35 W, 27369 MiB
2026/09/15 15:26:13.399, 98 %, 337.43 W, 27369 MiB
2026/09/15 15:26:14.400, 71 %, 310.91 W, 27369 MiB
2026/09/15 15:26:15.400, 98 %, 324.60 W, 27369 MiB
2026/09/15 15:26:16.400, 99 %, 321.38 W, 27369 MiB
2026/09/15 15:26:17.401, 99 %, 313.92 W, 27485 MiB
2026/09/15 15:26:18.402, 99 %, 264.63 W, 27349 MiB
2026/09/15 15:26:19.402, 98 %, 323.08 W, 27381 MiB
2026/09/15 15:26:20.403, 99 %, 346.73 W, 27381 MiB
2026/09/15 15:26:21.404, 98 %, 333.83 W, 27381 MiB
2026/09/15 15:26:22.405, 97 %, 327.87 W, 27381 MiB
2026/09/15 15:26:23.406, 99 %, 321.71 W, 27381 MiB
2026/09/15 15:26:24.406, 99 %, 319.11 W, 27380 MiB
2026/09/15 15:26:25.407, 98 %, 330.47 W, 27374 MiB
2026/09/15 15:26:26.408, 99 %, 341.31 W, 27346 MiB
2026/09/15 15:26:27.409, 98 %, 335.49 W, 27378 MiB
2026/09/15 15:26:28.409, 98 %, 329.31 W, 27378 MiB
2026/09/15 15:26:29.410, 99 %, 324.46 W, 27378 MiB
2026/09/15 15:26:30.410, 98 %, 317.36 W, 27346 MiB
2026/09/15 15:26:31.411, 99 %, 286.21 W, 27494 MiB
2026/09/15 15:26:32.411, 99 %, 251.26 W, 27365 MiB
2026/09/15 15:26:33.412, 98 %, 342.75 W, 27334 MiB
2026/09/15 15:26:34.412, 99 %, 337.84 W, 27366 MiB
2026/09/15 15:26:35.412, 99 %, 331.48 W, 27334 MiB
2026/09/15 15:26:36.413, 99 %, 317.60 W, 27366 MiB
2026/09/15 15:26:37.413, 99 %, 321.69 W, 27370 MiB
2026/09/15 15:26:38.413, 99 %, 313.57 W, 27370 MiB
2026/09/15 15:26:39.414, 99 %, 269.89 W, 27486 MiB
2026/09/15 15:26:40.415, 97 %, 266.69 W, 27338 MiB
2026/09/15 15:26:41.415, 97 %, 356.77 W, 27370 MiB
2026/09/15 15:26:42.416, 98 %, 343.16 W, 27369 MiB
2026/09/15 15:26:43.417, 98 %, 330.76 W, 27366 MiB
2026/09/15 15:26:44.417, 88 %, 312.06 W, 27366 MiB
2026/09/15 15:26:45.417, 93 %, 301.36 W, 27370 MiB
2026/09/15 15:26:46.418, 99 %, 306.98 W, 27486 MiB
2026/09/15 15:26:47.418, 99 %, 256.50 W, 27486 MiB
2026/09/15 15:26:48.419, 92 %, 299.88 W, 27370 MiB
2026/09/15 15:26:49.419, 97 %, 349.29 W, 27370 MiB
2026/09/15 15:26:50.419, 49 %, 311.08 W, 27370 MiB
2026/09/15 15:26:51.420, 99 %, 313.15 W, 27370 MiB
2026/09/15 15:26:52.421, 97 %, 328.22 W, 27370 MiB
2026/09/15 15:26:53.422, 99 %, 321.55 W, 27370 MiB
2026/09/15 15:26:54.423, 99 %, 301.69 W, 27486 MiB
2026/09/15 15:26:55.423, 99 %, 254.76 W, 27486 MiB
2026/09/15 15:26:56.424, 98 %, 330.49 W, 27370 MiB
2026/09/15 15:26:57.425, 98 %, 350.42 W, 27370 MiB
2026/09/15 15:26:58.426, 99 %, 338.02 W, 27338 MiB
2026/09/15 15:26:59.426, 99 %, 330.73 W, 27370 MiB
2026/09/15 15:27:00.426, 98 %, 325.48 W, 27370 MiB
2026/09/15 15:27:01.427, 99 %, 320.58 W, 27377 MiB
2026/09/15 15:27:02.429, 99 %, 271.40 W, 27493 MiB
2026/09/15 15:27:03.429, 98 %, 262.65 W, 27379 MiB
2026/09/15 15:27:04.430, 97 %, 355.51 W, 27370 MiB
2026/09/15 15:27:05.430, 98 %, 346.17 W, 27370 MiB
2026/09/15 15:27:06.431, 98 %, 335.98 W, 27370 MiB
2026/09/15 15:27:07.432, 98 %, 330.55 W, 27370 MiB
2026/09/15 15:27:08.432, 99 %, 324.25 W, 27381 MiB
2026/09/15 15:27:09.433, 97 %, 314.42 W, 27497 MiB
2026/09/15 15:27:10.434, 99 %, 256.23 W, 27497 MiB
2026/09/15 15:27:11.435, 97 %, 302.14 W, 27381 MiB
2026/09/15 15:27:12.436, 98 %, 353.27 W, 27349 MiB
2026/09/15 15:27:13.436, 99 %, 342.16 W, 27381 MiB
2026/09/15 15:27:14.437, 99 %, 331.23 W, 27381 MiB
2026/09/15 15:27:15.437, 99 %, 330.11 W, 27381 MiB
2026/09/15 15:27:16.438, 99 %, 324.71 W, 27384 MiB
2026/09/15 15:27:17.439, 99 %, 294.04 W, 27490 MiB
