Time (%),Total Time (ns),Instances,Avg (ns),Med (ns),Min (ns),Max (ns),StdDev (ns),Name
32.6,926064264,2048,452179.8,400284.0,384732,1316689,116430.5,"void ninfer::ops::detail::nvfp4_linear_swiglu_w4a4_tma_kernel<ninfer::ops::detail::Nvfp4GemvGeometry<(int)34816, (int)5120>, ninfer::ops::detail::Nvfp4W4a4TmaSchedule<(int)256, (int)3, (int)1>>(const ninfer::ops::detail::Nvfp4W4a4TmaDescriptors *, float, __nv_bfloat16 *)"
14.4,410011056,2048,200200.7,180126.0,173534,890646,74669.3,"void ninfer::ops::detail::nvfp4_w4a4_tma_kernel<ninfer::ops::detail::Nvfp4GemvGeometry<(int)5120, (int)17408>, ninfer::ops::detail::Nvfp4W4a4TmaSchedule<(int)256, (int)3, (int)1>, ninfer::ops::detail::Nvfp4AddResidualEpilogue, ninfer::ops::detail::Nvfp4ContiguousOutput>(const ninfer::ops::detail::Nvfp4W4a4TmaDescriptors *, float, T3, T4)"
11.5,328169042,512,640955.2,641721.0,102879,1963530,369500.3,"void ninfer::ops::gqa_attention_prefill_bf16_kernel<ninfer::ops::GqaGeometry<(int)24, (int)4, (int)1>, ninfer::ops::GqaPrefillBatchMetadata<(bool)0>, (bool)0, (bool)0>(const __nv_bfloat16 *, const __nv_bfloat16 *, const __nv_bfloat16 *, T2, const int *, float, __nv_bfloat16 *, int, int, int, int, __nv_bfloat16 *, float *, float *, int, float *, float *, float *, int)"
10.3,293391558,1536,191010.1,170462.5,162302,743480,74948.8,"void ninfer::ops::detail::nvfp4_w4a4_tma_kernel<ninfer::ops::detail::Nvfp4GemvGeometry<(int)16384, (int)5120>, ninfer::ops::detail::Nvfp4W4a4TmaSchedule<(int)256, (int)3, (int)1>, ninfer::ops::detail::Nvfp4IdentityEpilogue, ninfer::ops::detail::Nvfp4GdnInputOutput>(const ninfer::ops::detail::Nvfp4W4a4TmaDescriptors *, float, T3, T4)"
6.0,169718387,192,883949.9,768151.0,743671,2387301,239158.6,"void ninfer::ops::detail::bf16_gemm_mma_kernel<ninfer::ops::detail::Bf16GemvGeometry<(int)14336, (int)5120>, ninfer::ops::detail::Bf16MmaSchedule<(int)64, (int)128, (int)64, (int)32, (int)32, (int)2, (int)2, (ninfer::ops::Cache)1, (ninfer::ops::Cache)1, (ninfer::ops::detail::Bf16MmaFragmentPipeline)1, (ninfer::ops::detail::Bf16MmaRaster)0, (ninfer::ops::detail::Bf16MmaSwizzle)1, (int)1>, (bool)1, ninfer::ops::detail::<unnamed>::Bf16AttentionInputMmaOutput>(const __nv_bfloat16 *, const __nv_bfloat16 *, T4, int)"
5.1,143851177,1952,73694.3,66015.0,63583,530458,46363.5,"void ninfer::ops::detail::nvfp4_w4a4_tma_kernel<ninfer::ops::detail::Nvfp4GemvGeometry<(int)5120, (int)6144>, ninfer::ops::detail::Nvfp4W4a4TmaSchedule<(int)256, (int)3, (int)1>, ninfer::ops::detail::Nvfp4AddResidualEpilogue, ninfer::ops::detail::Nvfp4ContiguousOutput>(const ninfer::ops::detail::Nvfp4W4a4TmaDescriptors *, float, T3, T4)"
4.0,113342488,1536,73790.7,68575.0,66976,654041,41336.4,"void ninfer::ops::detail::gated_delta_net::chunked::state_passing::state_passing_kernel<(int)16>(const __nv_bfloat16 *, const __nv_bfloat16 *, const __nv_bfloat16 *, const float *, const float *, __nv_bfloat16 *, __nv_bfloat16 *, float *, ninfer::ops::detail::gated_delta_net::head_map, int)"
2.6,72874870,1536,47444.6,44255.0,43743,721464,35194.2,"void ninfer::ops::detail::gated_delta_net::chunked::prepare_wy_wu::prepare_wy_wu_kernel<(int)64, (int)32, (int)8>(const __nv_bfloat16 *, const __nv_bfloat16 *, const float *, const float *, __nv_bfloat16 *, __nv_bfloat16 *, float *, ninfer::ops::detail::gated_delta_net::head_map)"
1.9,54582001,320,170568.8,148094.0,143902,647864,77446.6,"void ninfer::ops::detail::nvfp4_w4a4_tma_kernel<ninfer::ops::detail::Nvfp4GemvGeometry<(int)14336, (int)5120>, ninfer::ops::detail::Nvfp4W4a4TmaSchedule<(int)256, (int)3, (int)1>, ninfer::ops::detail::Nvfp4IdentityEpilogue, ninfer::ops::detail::<unnamed>::AttentionOutput>(const ninfer::ops::detail::Nvfp4W4a4TmaDescriptors *, float, T3, T4)"
1.9,53592975,1536,34891.3,26272.0,25472,877718,74487.4,"ninfer::ops::causal_conv1d_prefill_pairs_kernel(const __nv_bfloat16 *, const __nv_bfloat16 *, const __nv_bfloat16 *, __nv_bfloat16 *, int, int)"
1.8,50405666,1536,32816.2,29440.0,28607,484635,29251.9,"void ninfer::ops::detail::gated_delta_net::chunked::output::output_kernel<(bool)1>(const __nv_bfloat16 *, const __nv_bfloat16 *, const __nv_bfloat16 *, const float *, const __nv_bfloat16 *, __nv_bfloat16 *, ninfer::ops::detail::gated_delta_net::head_map, float, int)"
1.4,40225779,96,419018.5,346108.0,339964,819030,143917.1,"void ninfer::ops::detail::bf16_gemm_mma_kernel<ninfer::ops::detail::Bf16GemvGeometry<(int)5120, (int)6144>, ninfer::ops::detail::Bf16MmaSchedule<(int)64, (int)128, (int)64, (int)32, (int)32, (int)2, (int)2, (ninfer::ops::Cache)1, (ninfer::ops::Cache)1, (ninfer::ops::detail::Bf16MmaFragmentPipeline)1, (ninfer::ops::detail::Bf16MmaRaster)0, (ninfer::ops::detail::Bf16MmaSwizzle)1, (int)1>, (bool)1, ninfer::ops::detail::<unnamed>::Bf16LinearAddMmaOutput>(const __nv_bfloat16 *, const __nv_bfloat16 *, T4, int)"
1.3,36999649,2048,18066.2,17632.0,15744,581721,12480.7,"void ninfer::ops::detail::nvfp4_w4a4_quantize_kernel<ninfer::ops::detail::Nvfp4ActivationGeometry<(int)17408>, (int)256>(const __nv_bfloat16 *, unsigned char *, unsigned char *, int, float)"
0.9,26868974,512,52478.5,44415.0,41344,944054,74574.0,"void ninfer::ops::gqa_attention_prefill_reduce_kernel<ninfer::ops::GqaGeometry<(int)24, (int)4, (int)1>>(const float *, const float *, const float *, float, int, int, __nv_bfloat16 *)"
0.9,26454683,4100,6452.4,6368.0,3040,180542,2733.6,"void ninfer::ops::rmsnorm_cta_bf16x2_kernel<(ninfer::ops::RmsEpilogue)0, (int)512, (int)8>(const __nv_bfloat162 *, const __nv_bfloat162 *, const __nv_bfloat162 *, __nv_bfloat162 *, int, long long, float)"
0.9,25316726,1536,16482.2,15136.0,12448,727991,26870.3,"void ninfer::ops::rmsnorm_warp_bf16x2_kernel<(ninfer::ops::RmsEpilogue)2, (int)512>(const __nv_bfloat162 *, const __nv_bfloat162 *, const __nv_bfloat162 *, __nv_bfloat162 *, int, long long, float)"
0.8,22437951,1536,14608.0,14240.0,13728,296061,9667.5,"void ninfer::ops::detail::bf16_gdn_gating_proj_gemm_mma_kernel<ninfer::ops::detail::Bf16Gdn27Geometry, (int)8, (bool)1, (int)8, (bool)0, (int)0>(const __nv_bfloat16 *, const __nv_bfloat16 *, __nv_bfloat16 *, float, const __nv_bfloat16 *, const __nv_bfloat16 *, const float *, const float *, float *, float *, float *, int)"
0.5,14088816,3904,3608.8,3584.0,3360,21664,352.1,"void ninfer::ops::detail::nvfp4_w4a4_quantize_kernel<ninfer::ops::detail::Nvfp4ActivationGeometry<(int)5120>, (int)256>(const __nv_bfloat16 *, unsigned char *, unsigned char *, int, float)"
0.3,8167349,3072,2658.6,2656.0,2528,2976,40.1,"void ninfer::ops::l2norm_warp_bf16x2_kernel<(int)512>(const __nv_bfloat162 *, __nv_bfloat162 *, int, long long, float)"
0.3,7690620,1952,3939.9,3936.0,3776,4864,69.1,"void ninfer::ops::detail::nvfp4_w4a4_quantize_kernel<ninfer::ops::detail::Nvfp4ActivationGeometry<(int)6144>, (int)256>(const __nv_bfloat16 *, unsigned char *, unsigned char *, int, float)"
0.2,5347558,512,10444.4,9632.0,9024,14528,1264.4,"void ninfer::ops::rope_norm_fused_kernel<(ninfer::ops::RopeKernelMode)0, (int)24, (int)4, (int)128>(const __nv_bfloat16 *, const __nv_bfloat16 *, const __nv_bfloat162 *, const __nv_bfloat162 *, float, const int *, ninfer::ops::RopeFrequencies, __nv_bfloat16 *, __nv_bfloat16 *, int)"
0.2,5170530,512,10098.7,9599.0,9151,244861,10407.1,"ninfer::ops::sigmoid_gate_mul_bf16x8_kernel(const ninfer::ops::Bf16PairPack<(int)4> *, ninfer::ops::Bf16PairPack<(int)4> *, long long)"
0.2,4425102,4,1106275.5,1161875.0,806231,1295121,209937.5,"void ninfer::ops::detail::w8_small_t_mma_kernel<ninfer::ops::detail::W8LinearGeometry<(int)248320, (int)5120>, (int)1, ninfer::ops::detail::W8SmallTMmaSchedule<(int)8, (int)8, (int)2, (ninfer::ops::detail::W8SmallTMmaScaleAccess)0, (ninfer::ops::Cache)0, (ninfer::ops::Cache)1, (ninfer::ops::detail::W8SmallTMmaActivationStage)0>, ninfer::ops::detail::W8ContiguousOutput, ninfer::ops::detail::W8SmallTMmaStoreEpilogue, ninfer::ops::detail::W8SmallTMmaIdentityRows, (bool)0>(const __nv_bfloat16 *, const unsigned char *, const unsigned char *, T4, T5, T6)"
0.1,2220264,1536,1445.5,1440.0,1376,1824,40.8,"ninfer::ops::causal_conv1d_prefill_state_kernel(const __nv_bfloat16 *, const __nv_bfloat16 *, __nv_bfloat16 *, int, int)"
0.1,1626355,512,3176.5,3136.0,2688,4736,280.7,"void ninfer::ops::gqa_attention_prefill_fill_bf16_kernel<ninfer::ops::GqaGeometry<(int)24, (int)4, (int)1>, ninfer::ops::GqaPrefillBatchMetadata<(bool)0>>(const __nv_bfloat16 *, const __nv_bfloat16 *, const int *, T2, __nv_bfloat16 *, __nv_bfloat16 *, int)"
0.0,647224,32,20225.8,20207.5,20160,20352,55.0,"ninfer::ops::embed_gather_w8_kernel(const int *, const unsigned char *, const unsigned char *, __nv_bfloat16 *, int, int, int)"
0.0,358047,512,699.3,704.0,672,832,22.6,"ninfer::ops::fill_i32_positions_kernel(int *, int, int)"
0.0,10368,4,2592.0,2576.0,2528,2688,69.1,"ninfer::ops::sampling_group_finalize_sample_kernel(int *, const ninfer::ops::SamplingConfig *, const int *, int, int, int, int, ninfer::ops::SamplingWorkspace)"
0.0,8768,4,2192.0,2160.0,2112,2336,99.5,"ninfer::ops::sampling_partial_topk_kernel(const __nv_bfloat16 *, const ninfer::ops::SamplingConfig *, int, int, ninfer::ops::SamplingWorkspace, const uint4 *, const int *, uint4 *, int)"
