2026/09/13 19:44:08.861, 1 %, 0 %, 63.70 W, 2010 MHz, 13801 MHz, 40
2026/09/13 19:44:09.883, 0 %, 0 %, 62.25 W, 2010 MHz, 13801 MHz, 40
2026/09/13 19:44:10.887, 0 %, 0 %, 62.45 W, 2010 MHz, 13801 MHz, 40
2026/09/13 19:44:11.890, 98 %, 22 %, 295.73 W, 1987 MHz, 13801 MHz, 48
2026/09/13 19:44:12.896, 0 %, 0 %, 222.41 W, 2010 MHz, 13801 MHz, 41
2026/09/13 19:44:13.900, 0 %, 0 %, 63.01 W, 2010 MHz, 13801 MHz, 40
2026/09/13 19:44:14.906, 0 %, 0 %, 62.21 W, 2010 MHz, 13801 MHz, 40
2026/09/13 19:44:15.912, 0 %, 0 %, 62.64 W, 2010 MHz, 13801 MHz, 40
2026/09/13 19:44:16.930, 0 %, 0 %, 62.32 W, 2010 MHz, 13801 MHz, 40
2026/09/13 19:44:17.935, 0 %, 0 %, 62.42 W, 2010 MHz, 13801 MHz, 40
2026/09/13 19:44:18.953, 98 %, 22 %, 330.80 W, 1987 MHz, 13801 MHz, 49
2026/09/13 19:44:19.961, 99 %, 23 %, 360.72 W, 1987 MHz, 13801 MHz, 49
2026/09/13 19:44:20.966, 98 %, 29 %, 359.53 W, 1987 MHz, 13801 MHz, 49
2026/09/13 19:44:21.970, 98 %, 28 %, 357.74 W, 1987 MHz, 13801 MHz, 50
2026/09/13 19:44:22.973, 98 %, 54 %, 305.44 W, 1995 MHz, 13801 MHz, 47
2026/09/13 19:44:23.978, 99 %, 55 %, 285.27 W, 1995 MHz, 13801 MHz, 47
2026/09/13 19:44:24.983, 99 %, 55 %, 283.74 W, 1995 MHz, 13801 MHz, 47
2026/09/13 19:44:25.986, 99 %, 55 %, 285.49 W, 1995 MHz, 13801 MHz, 47
2026/09/13 19:44:26.990, 0 %, 0 %, 193.80 W, 2010 MHz, 13801 MHz, 43
2026/09/13 19:44:27.994, 0 %, 0 %, 63.93 W, 2010 MHz, 13801 MHz, 42
2026/09/13 19:44:28.999, 0 %, 0 %, 63.84 W, 2010 MHz, 13801 MHz, 42
2026/09/13 19:44:30.001, 0 %, 0 %, 63.92 W, 2010 MHz, 13801 MHz, 42
2026/09/13 19:44:31.005, 0 %, 0 %, 63.74 W, 2010 MHz, 13801 MHz, 42
2026/09/13 19:44:32.007, 0 %, 0 %, 63.72 W, 2010 MHz, 13801 MHz, 41
2026/09/13 19:44:33.009, 0 %, 0 %, 63.56 W, 2010 MHz, 13801 MHz, 41
2026/09/13 19:44:34.012, 0 %, 0 %, 63.48 W, 2010 MHz, 13801 MHz, 41
2026/09/13 19:44:35.017, 0 %, 0 %, 63.39 W, 2010 MHz, 13801 MHz, 41
2026/09/13 19:44:36.022, 0 %, 0 %, 63.45 W, 2010 MHz, 13801 MHz, 41
2026/09/13 19:44:37.026, 0 %, 0 %, 63.05 W, 2010 MHz, 13801 MHz, 41
2026/09/13 19:44:38.029, 0 %, 0 %, 62.96 W, 2010 MHz, 13801 MHz, 41
2026/09/13 19:44:39.036, 0 %, 0 %, 63.01 W, 2010 MHz, 13801 MHz, 41
2026/09/13 19:44:40.040, 0 %, 0 %, 62.83 W, 2010 MHz, 13801 MHz, 41
2026/09/13 19:44:41.043, 0 %, 0 %, 63.18 W, 2010 MHz, 13801 MHz, 41
2026/09/13 19:44:42.048, 0 %, 0 %, 62.96 W, 2010 MHz, 13801 MHz, 41
2026/09/13 19:44:43.051, 0 %, 0 %, 63.29 W, 2010 MHz, 13801 MHz, 41
2026/09/13 19:44:44.057, 0 %, 0 %, 63.08 W, 2010 MHz, 13801 MHz, 41
2026/09/13 19:44:45.061, 0 %, 0 %, 63.51 W, 2010 MHz, 13801 MHz, 40
2026/09/13 19:44:46.064, 0 %, 0 %, 63.10 W, 2010 MHz, 13801 MHz, 40
2026/09/13 19:44:47.066, 0 %, 0 %, 62.82 W, 2010 MHz, 13801 MHz, 40
2026/09/13 19:44:48.071, 0 %, 0 %, 62.53 W, 2010 MHz, 13801 MHz, 40
2026/09/13 19:44:49.077, 0 %, 0 %, 62.75 W, 2010 MHz, 13801 MHz, 40
2026/09/13 19:44:50.084, 0 %, 0 %, 62.65 W, 2010 MHz, 13801 MHz, 40
2026/09/13 19:44:51.089, 0 %, 0 %, 62.87 W, 2010 MHz, 13801 MHz, 40
2026/09/13 19:44:52.095, 0 %, 0 %, 62.81 W, 2010 MHz, 13801 MHz, 40
2026/09/13 19:44:53.100, 0 %, 0 %, 62.76 W, 2010 MHz, 13801 MHz, 40
2026/09/13 19:44:54.117, 0 %, 0 %, 62.62 W, 2010 MHz, 13801 MHz, 40
2026/09/13 19:44:55.122, 0 %, 0 %, 62.93 W, 2010 MHz, 13801 MHz, 40
2026/09/13 19:44:56.127, 0 %, 0 %, 62.48 W, 2010 MHz, 13801 MHz, 40
2026/09/13 19:44:57.131, 0 %, 0 %, 62.62 W, 2010 MHz, 13801 MHz, 40
2026/09/13 19:44:58.135, 0 %, 0 %, 62.55 W, 2010 MHz, 13801 MHz, 40
2026/09/13 19:44:59.138, 0 %, 0 %, 62.74 W, 2010 MHz, 13801 MHz, 40
2026/09/13 19:45:00.143, 0 %, 0 %, 62.48 W, 2010 MHz, 13801 MHz, 40
2026/09/13 19:45:01.149, 0 %, 0 %, 62.70 W, 2010 MHz, 13801 MHz, 40
2026/09/13 19:45:02.154, 0 %, 0 %, 62.68 W, 2010 MHz, 13801 MHz, 40
2026/09/13 19:45:03.156, 0 %, 0 %, 62.55 W, 2010 MHz, 13801 MHz, 40
2026/09/13 19:45:04.161, 0 %, 0 %, 62.42 W, 2010 MHz, 13801 MHz, 40
2026/09/13 19:45:05.165, 0 %, 0 %, 62.82 W, 2010 MHz, 13801 MHz, 39
2026/09/13 19:45:06.169, 0 %, 0 %, 62.49 W, 2010 MHz, 13801 MHz, 39
2026/09/13 19:45:07.175, 0 %, 0 %, 62.56 W, 2010 MHz, 13801 MHz, 39
2026/09/13 19:45:08.183, 0 %, 0 %, 62.42 W, 2010 MHz, 13801 MHz, 39
2026/09/13 19:45:09.187, 0 %, 0 %, 62.45 W, 2010 MHz, 13801 MHz, 39
2026/09/13 19:45:10.193, 0 %, 0 %, 62.62 W, 2010 MHz, 13801 MHz, 39
2026/09/13 19:45:11.196, 0 %, 0 %, 62.46 W, 2010 MHz, 13801 MHz, 39
2026/09/13 19:45:12.201, 0 %, 0 %, 62.49 W, 2010 MHz, 13801 MHz, 39
2026/09/13 19:45:13.206, 0 %, 0 %, 62.40 W, 2010 MHz, 13801 MHz, 39
2026/09/13 19:45:14.209, 0 %, 0 %, 62.54 W, 2010 MHz, 13801 MHz, 39
2026/09/13 19:45:15.213, 0 %, 0 %, 62.29 W, 2010 MHz, 13801 MHz, 39
2026/09/13 19:45:16.221, 0 %, 0 %, 62.31 W, 2010 MHz, 13801 MHz, 39
2026/09/13 19:45:17.225, 0 %, 0 %, 62.36 W, 2010 MHz, 13801 MHz, 39
2026/09/13 19:45:18.231, 0 %, 0 %, 62.04 W, 2010 MHz, 13801 MHz, 39
2026/09/13 19:45:19.247, 0 %, 0 %, 62.45 W, 2010 MHz, 13801 MHz, 39
2026/09/13 19:45:20.254, 0 %, 0 %, 62.30 W, 2010 MHz, 13801 MHz, 39
2026/09/13 19:45:21.260, 0 %, 0 %, 62.83 W, 2010 MHz, 13801 MHz, 39
2026/09/13 19:45:22.267, 0 %, 0 %, 62.56 W, 2010 MHz, 13801 MHz, 39
2026/09/13 19:45:23.272, 0 %, 0 %, 62.62 W, 2010 MHz, 13801 MHz, 39
2026/09/13 19:45:24.275, 0 %, 0 %, 62.51 W, 2010 MHz, 13801 MHz, 39
2026/09/13 19:45:25.292, 0 %, 0 %, 62.57 W, 2010 MHz, 13801 MHz, 39
2026/09/13 19:45:26.299, 0 %, 0 %, 62.48 W, 2010 MHz, 13801 MHz, 39
2026/09/13 19:45:27.303, 0 %, 0 %, 62.11 W, 2010 MHz, 13801 MHz, 39
2026/09/13 19:45:28.306, 0 %, 0 %, 62.19 W, 2010 MHz, 13801 MHz, 39
2026/09/13 19:45:29.314, 0 %, 0 %, 62.08 W, 2010 MHz, 13801 MHz, 39
2026/09/13 19:45:30.320, 0 %, 0 %, 62.65 W, 2010 MHz, 13801 MHz, 39
2026/09/13 19:45:31.324, 0 %, 0 %, 62.35 W, 2010 MHz, 13801 MHz, 39
2026/09/13 19:45:32.328, 0 %, 0 %, 62.11 W, 2010 MHz, 13801 MHz, 39
2026/09/13 19:45:33.334, 0 %, 0 %, 62.54 W, 2010 MHz, 13801 MHz, 39
2026/09/13 19:45:34.339, 0 %, 0 %, 62.63 W, 2010 MHz, 13801 MHz, 39
2026/09/13 19:45:35.342, 95 %, 30 %, 204.50 W, 1987 MHz, 13801 MHz, 46
2026/09/13 19:45:36.346, 97 %, 25 %, 364.55 W, 1987 MHz, 13801 MHz, 48
2026/09/13 19:45:37.351, 98 %, 31 %, 348.84 W, 1987 MHz, 13801 MHz, 48
2026/09/13 19:45:38.357, 99 %, 21 %, 348.86 W, 1995 MHz, 13801 MHz, 49
2026/09/13 19:45:39.362, 99 %, 18 %, 335.93 W, 1995 MHz, 13801 MHz, 49
2026/09/13 19:45:40.369, 99 %, 17 %, 326.71 W, 1995 MHz, 13801 MHz, 49
2026/09/13 19:45:41.371, 99 %, 16 %, 320.05 W, 1995 MHz, 13801 MHz, 49
2026/09/13 19:45:42.375, 99 %, 15 %, 317.92 W, 1995 MHz, 13801 MHz, 49
2026/09/13 19:45:43.378, 99 %, 46 %, 286.34 W, 2002 MHz, 13801 MHz, 46
2026/09/13 19:45:44.383, 97 %, 32 %, 279.28 W, 1987 MHz, 13801 MHz, 48
2026/09/13 19:45:45.386, 98 %, 28 %, 350.71 W, 1987 MHz, 13801 MHz, 49
2026/09/13 19:45:46.392, 99 %, 25 %, 337.21 W, 1995 MHz, 13801 MHz, 51
2026/09/13 19:45:47.394, 98 %, 24 %, 327.85 W, 1995 MHz, 13801 MHz, 50
2026/09/13 19:45:48.397, 99 %, 20 %, 323.11 W, 1995 MHz, 13801 MHz, 51
2026/09/13 19:45:49.402, 98 %, 23 %, 317.17 W, 1995 MHz, 13801 MHz, 51
2026/09/13 19:45:50.408, 99 %, 46 %, 291.90 W, 2002 MHz, 13801 MHz, 48
2026/09/13 19:45:51.413, 98 %, 31 %, 269.67 W, 1995 MHz, 13801 MHz, 50
2026/09/13 19:45:52.418, 92 %, 26 %, 351.01 W, 1987 MHz, 13801 MHz, 51
2026/09/13 19:45:53.422, 98 %, 25 %, 339.42 W, 1995 MHz, 13801 MHz, 52
2026/09/13 19:45:54.425, 99 %, 18 %, 330.45 W, 1995 MHz, 13801 MHz, 52
2026/09/13 19:45:55.430, 99 %, 16 %, 323.07 W, 1995 MHz, 13801 MHz, 52
2026/09/13 19:45:56.433, 99 %, 16 %, 320.67 W, 1995 MHz, 13801 MHz, 52
2026/09/13 19:45:57.437, 97 %, 32 %, 312.71 W, 1995 MHz, 13801 MHz, 51
2026/09/13 19:45:58.440, 98 %, 28 %, 355.17 W, 1995 MHz, 13801 MHz, 52
2026/09/13 19:45:59.446, 98 %, 26 %, 340.28 W, 1995 MHz, 13801 MHz, 53
2026/09/13 19:46:00.450, 99 %, 17 %, 331.43 W, 1995 MHz, 13801 MHz, 53
2026/09/13 19:46:01.456, 98 %, 21 %, 324.60 W, 1995 MHz, 13801 MHz, 53
2026/09/13 19:46:02.461, 99 %, 15 %, 320.35 W, 1995 MHz, 13801 MHz, 53
2026/09/13 19:46:03.465, 99 %, 44 %, 302.63 W, 2002 MHz, 13801 MHz, 50
2026/09/13 19:46:04.473, 99 %, 44 %, 250.58 W, 2002 MHz, 13801 MHz, 50
2026/09/13 19:46:05.476, 98 %, 30 %, 323.08 W, 1987 MHz, 13801 MHz, 52
2026/09/13 19:46:06.482, 98 %, 22 %, 348.77 W, 1995 MHz, 13801 MHz, 54
2026/09/13 19:46:07.490, 98 %, 25 %, 334.97 W, 1995 MHz, 13801 MHz, 53
2026/09/13 19:46:08.494, 98 %, 24 %, 327.98 W, 1995 MHz, 13801 MHz, 53
2026/09/13 19:46:09.497, 99 %, 16 %, 324.26 W, 1995 MHz, 13801 MHz, 54
2026/09/13 19:46:10.500, 99 %, 22 %, 319.55 W, 1995 MHz, 13801 MHz, 54
2026/09/13 19:46:11.505, 99 %, 45 %, 271.17 W, 2002 MHz, 13801 MHz, 51
2026/09/13 19:46:12.508, 97 %, 32 %, 269.43 W, 1995 MHz, 13801 MHz, 53
2026/09/13 19:46:13.524, 98 %, 27 %, 355.06 W, 1995 MHz, 13801 MHz, 54
2026/09/13 19:46:14.528, 98 %, 25 %, 341.74 W, 1995 MHz, 13801 MHz, 55
2026/09/13 19:46:15.535, 99 %, 17 %, 332.40 W, 1995 MHz, 13801 MHz, 54
2026/09/13 19:46:16.540, 99 %, 16 %, 326.76 W, 1995 MHz, 13801 MHz, 55
2026/09/13 19:46:17.543, 99 %, 16 %, 324.84 W, 2002 MHz, 13801 MHz, 55
2026/09/13 19:46:18.546, 99 %, 45 %, 303.24 W, 2002 MHz, 13801 MHz, 52
2026/09/13 19:46:19.549, 99 %, 45 %, 252.94 W, 2002 MHz, 13801 MHz, 51
2026/09/13 19:46:20.551, 98 %, 29 %, 328.52 W, 1987 MHz, 13801 MHz, 55
2026/09/13 19:46:21.558, 99 %, 20 %, 350.77 W, 1995 MHz, 13801 MHz, 55
2026/09/13 19:46:22.563, 97 %, 25 %, 336.39 W, 1995 MHz, 13801 MHz, 55
2026/09/13 19:46:23.579, 98 %, 24 %, 329.65 W, 1995 MHz, 13801 MHz, 55
2026/09/13 19:46:24.586, 99 %, 17 %, 327.07 W, 1995 MHz, 13801 MHz, 55
2026/09/13 19:46:25.589, 98 %, 22 %, 321.38 W, 2002 MHz, 13801 MHz, 56
2026/09/13 19:46:26.593, 99 %, 45 %, 253.61 W, 2010 MHz, 13801 MHz, 52
2026/09/13 19:46:27.596, 98 %, 28 %, 335.24 W, 1987 MHz, 13801 MHz, 55
2026/09/13 19:46:28.599, 97 %, 27 %, 348.00 W, 1995 MHz, 13801 MHz, 56
2026/09/13 19:46:29.601, 99 %, 18 %, 339.06 W, 1995 MHz, 13801 MHz, 54
2026/09/13 19:46:30.607, 99 %, 17 %, 332.24 W, 1995 MHz, 13801 MHz, 54
2026/09/13 19:46:31.610, 98 %, 23 %, 326.24 W, 2002 MHz, 13801 MHz, 56
2026/09/13 19:46:32.619, 99 %, 17 %, 322.38 W, 2002 MHz, 13801 MHz, 56
2026/09/13 19:46:33.626, 99 %, 44 %, 268.36 W, 2010 MHz, 13801 MHz, 53
2026/09/13 19:46:34.628, 98 %, 31 %, 286.07 W, 1987 MHz, 13801 MHz, 55
2026/09/13 19:46:35.644, 98 %, 28 %, 357.11 W, 1995 MHz, 13801 MHz, 57
2026/09/13 19:46:36.648, 98 %, 26 %, 343.43 W, 1995 MHz, 13801 MHz, 57
2026/09/13 19:46:37.652, 99 %, 23 %, 335.57 W, 1995 MHz, 13801 MHz, 57
2026/09/13 19:46:38.657, 98 %, 24 %, 327.78 W, 1995 MHz, 13801 MHz, 57
2026/09/13 19:46:39.661, 99 %, 15 %, 325.29 W, 2002 MHz, 13801 MHz, 56
2026/09/13 19:46:40.677, 99 %, 44 %, 296.96 W, 2010 MHz, 13801 MHz, 53
2026/09/13 19:46:41.681, 99 %, 44 %, 252.69 W, 2002 MHz, 13801 MHz, 53
2026/09/13 19:46:42.687, 98 %, 29 %, 344.20 W, 1987 MHz, 13801 MHz, 57
2026/09/13 19:46:43.691, 98 %, 25 %, 349.30 W, 1995 MHz, 13801 MHz, 55
2026/09/13 19:46:44.694, 98 %, 25 %, 338.26 W, 1995 MHz, 13801 MHz, 57
2026/09/13 19:46:45.696, 99 %, 22 %, 333.18 W, 1995 MHz, 13801 MHz, 56
2026/09/13 19:46:46.701, 99 %, 16 %, 327.62 W, 2002 MHz, 13801 MHz, 57
2026/09/13 19:46:47.709, 99 %, 15 %, 323.24 W, 2002 MHz, 13801 MHz, 55
