2026/09/13 19:51:22.739, 2 %, 0 %, 68.77 W, 2010 MHz, 14001 MHz, 45
2026/09/13 19:51:23.747, 2 %, 0 %, 68.86 W, 2010 MHz, 14001 MHz, 45
2026/09/13 19:51:24.752, 94 %, 26 %, 97.86 W, 2010 MHz, 14001 MHz, 50
2026/09/13 19:51:25.759, 99 %, 61 %, 362.30 W, 1987 MHz, 14001 MHz, 51
2026/09/13 19:51:26.764, 98 %, 61 %, 301.82 W, 1995 MHz, 14001 MHz, 51
2026/09/13 19:51:27.769, 99 %, 58 %, 301.55 W, 1995 MHz, 14001 MHz, 50
2026/09/13 19:51:28.776, 99 %, 61 %, 300.68 W, 1995 MHz, 14001 MHz, 51
2026/09/13 19:51:29.781, 93 %, 59 %, 302.62 W, 1995 MHz, 14001 MHz, 51
2026/09/13 19:51:30.786, 2 %, 1 %, 69.27 W, 2010 MHz, 14001 MHz, 46
2026/09/13 19:51:31.792, 7 %, 0 %, 69.90 W, 2010 MHz, 14001 MHz, 46
2026/09/13 19:51:32.799, 2 %, 1 %, 69.96 W, 2010 MHz, 14001 MHz, 45
2026/09/13 19:51:33.804, 8 %, 1 %, 69.02 W, 2010 MHz, 14001 MHz, 45
2026/09/13 19:51:34.808, 2 %, 0 %, 69.66 W, 2010 MHz, 14001 MHz, 45
2026/09/13 19:51:35.816, 99 %, 27 %, 100.45 W, 2010 MHz, 14001 MHz, 51
2026/09/13 19:51:36.822, 97 %, 33 %, 368.67 W, 1987 MHz, 14001 MHz, 52
2026/09/13 19:51:37.825, 94 %, 29 %, 358.65 W, 1987 MHz, 14001 MHz, 52
2026/09/13 19:51:38.831, 92 %, 28 %, 353.33 W, 1987 MHz, 14001 MHz, 53
2026/09/13 19:51:39.838, 97 %, 30 %, 357.52 W, 1987 MHz, 14001 MHz, 54
2026/09/13 19:51:40.843, 99 %, 58 %, 270.71 W, 2002 MHz, 14001 MHz, 49
2026/09/13 19:51:41.849, 99 %, 59 %, 280.87 W, 1995 MHz, 14001 MHz, 51
2026/09/13 19:51:42.853, 99 %, 59 %, 286.80 W, 1995 MHz, 14001 MHz, 51
2026/09/13 19:51:43.870, 99 %, 59 %, 286.52 W, 1995 MHz, 14001 MHz, 51
2026/09/13 19:51:44.874, 2 %, 0 %, 243.39 W, 2002 MHz, 14001 MHz, 47
2026/09/13 19:51:45.881, 2 %, 0 %, 69.73 W, 2010 MHz, 14001 MHz, 46
2026/09/13 19:51:46.884, 2 %, 0 %, 69.41 W, 2010 MHz, 14001 MHz, 46
2026/09/13 19:51:47.885, 2 %, 0 %, 69.38 W, 2010 MHz, 14001 MHz, 46
2026/09/13 19:51:48.889, 2 %, 0 %, 69.33 W, 2010 MHz, 14001 MHz, 45
2026/09/13 19:51:49.893, 2 %, 0 %, 69.44 W, 2010 MHz, 14001 MHz, 45
2026/09/13 19:51:50.899, 2 %, 1 %, 69.68 W, 2010 MHz, 14001 MHz, 45
2026/09/13 19:51:51.907, 8 %, 1 %, 71.33 W, 2010 MHz, 14001 MHz, 45
2026/09/13 19:51:52.914, 6 %, 1 %, 69.98 W, 2010 MHz, 14001 MHz, 45
2026/09/13 19:51:53.919, 2 %, 1 %, 69.37 W, 2010 MHz, 14001 MHz, 45
2026/09/13 19:51:54.926, 2 %, 1 %, 68.85 W, 2010 MHz, 14001 MHz, 44
2026/09/13 19:51:55.931, 2 %, 1 %, 68.57 W, 2010 MHz, 14001 MHz, 44
2026/09/13 19:51:56.939, 7 %, 1 %, 68.81 W, 2010 MHz, 14001 MHz, 44
2026/09/13 19:51:57.946, 2 %, 1 %, 69.26 W, 2010 MHz, 14001 MHz, 44
2026/09/13 19:51:58.954, 2 %, 1 %, 68.78 W, 2010 MHz, 14001 MHz, 44
2026/09/13 19:51:59.960, 2 %, 0 %, 68.30 W, 2010 MHz, 14001 MHz, 44
2026/09/13 19:52:00.967, 2 %, 1 %, 68.29 W, 2010 MHz, 14001 MHz, 44
2026/09/13 19:52:01.974, 5 %, 1 %, 69.34 W, 2010 MHz, 14001 MHz, 44
2026/09/13 19:52:02.978, 7 %, 1 %, 70.20 W, 2010 MHz, 14001 MHz, 44
2026/09/13 19:52:03.987, 4 %, 1 %, 69.06 W, 2010 MHz, 14001 MHz, 43
2026/09/13 19:52:04.993, 1 %, 0 %, 68.21 W, 2010 MHz, 14001 MHz, 43
2026/09/13 19:52:05.997, 1 %, 1 %, 67.69 W, 2010 MHz, 14001 MHz, 43
2026/09/13 19:52:07.000, 0 %, 0 %, 67.62 W, 2010 MHz, 14001 MHz, 43
2026/09/13 19:52:08.006, 1 %, 1 %, 67.57 W, 2010 MHz, 14001 MHz, 43
2026/09/13 19:52:09.012, 1 %, 0 %, 67.76 W, 2010 MHz, 14001 MHz, 43
2026/09/13 19:52:10.017, 1 %, 1 %, 67.67 W, 2010 MHz, 14001 MHz, 43
2026/09/13 19:52:11.024, 3 %, 1 %, 67.86 W, 2010 MHz, 14001 MHz, 43
2026/09/13 19:52:12.028, 6 %, 1 %, 68.92 W, 2010 MHz, 14001 MHz, 43
2026/09/13 19:52:13.035, 2 %, 1 %, 68.33 W, 2010 MHz, 14001 MHz, 42
2026/09/13 19:52:14.038, 2 %, 0 %, 67.64 W, 2010 MHz, 14001 MHz, 42
2026/09/13 19:52:15.041, 2 %, 0 %, 67.78 W, 2010 MHz, 14001 MHz, 42
2026/09/13 19:52:16.053, 3 %, 1 %, 67.26 W, 2010 MHz, 14001 MHz, 42
2026/09/13 19:52:17.060, 1 %, 1 %, 67.46 W, 2010 MHz, 14001 MHz, 42
2026/09/13 19:52:18.063, 1 %, 1 %, 67.39 W, 2010 MHz, 14001 MHz, 42
2026/09/13 19:52:19.065, 6 %, 1 %, 67.36 W, 2010 MHz, 14001 MHz, 42
2026/09/13 19:52:20.070, 4 %, 1 %, 67.97 W, 2010 MHz, 14001 MHz, 42
2026/09/13 19:52:21.073, 5 %, 1 %, 67.68 W, 2010 MHz, 14001 MHz, 42
2026/09/13 19:52:22.078, 6 %, 1 %, 67.75 W, 2010 MHz, 14001 MHz, 42
2026/09/13 19:52:23.080, 6 %, 1 %, 68.83 W, 2010 MHz, 14001 MHz, 42
2026/09/13 19:52:24.082, 1 %, 0 %, 68.46 W, 2010 MHz, 14001 MHz, 42
2026/09/13 19:52:25.091, 1 %, 0 %, 67.42 W, 2010 MHz, 14001 MHz, 42
2026/09/13 19:52:26.093, 2 %, 0 %, 67.36 W, 2010 MHz, 14001 MHz, 42
2026/09/13 19:52:27.096, 6 %, 1 %, 68.85 W, 2010 MHz, 14001 MHz, 42
2026/09/13 19:52:28.100, 8 %, 1 %, 68.78 W, 2010 MHz, 14001 MHz, 42
2026/09/13 19:52:29.109, 1 %, 0 %, 67.51 W, 2010 MHz, 14001 MHz, 41
2026/09/13 19:52:30.115, 1 %, 0 %, 67.06 W, 2010 MHz, 14001 MHz, 41
2026/09/13 19:52:31.121, 9 %, 1 %, 69.03 W, 2010 MHz, 14001 MHz, 41
2026/09/13 19:52:32.130, 3 %, 0 %, 68.56 W, 2010 MHz, 14001 MHz, 41
2026/09/13 19:52:33.136, 2 %, 0 %, 67.69 W, 2010 MHz, 14001 MHz, 41
2026/09/13 19:52:34.143, 2 %, 0 %, 67.56 W, 2010 MHz, 14001 MHz, 41
2026/09/13 19:52:35.148, 2 %, 0 %, 67.44 W, 2010 MHz, 14001 MHz, 41
2026/09/13 19:52:36.154, 2 %, 0 %, 67.38 W, 2010 MHz, 14001 MHz, 41
2026/09/13 19:52:37.161, 2 %, 0 %, 67.53 W, 2010 MHz, 14001 MHz, 41
2026/09/13 19:52:38.166, 3 %, 1 %, 68.06 W, 2010 MHz, 14001 MHz, 41
2026/09/13 19:52:39.172, 3 %, 1 %, 67.52 W, 2010 MHz, 14001 MHz, 41
2026/09/13 19:52:40.178, 1 %, 0 %, 67.39 W, 2010 MHz, 14001 MHz, 41
2026/09/13 19:52:41.185, 3 %, 1 %, 67.37 W, 2010 MHz, 14001 MHz, 41
2026/09/13 19:52:42.193, 2 %, 1 %, 67.56 W, 2010 MHz, 14001 MHz, 41
2026/09/13 19:52:43.196, 2 %, 0 %, 67.25 W, 2010 MHz, 14001 MHz, 41
2026/09/13 19:52:44.205, 1 %, 0 %, 67.21 W, 2010 MHz, 14001 MHz, 41
2026/09/13 19:52:45.210, 1 %, 0 %, 67.19 W, 2010 MHz, 14001 MHz, 41
2026/09/13 19:52:46.213, 3 %, 1 %, 67.33 W, 2010 MHz, 14001 MHz, 40
2026/09/13 19:52:47.217, 2 %, 0 %, 67.53 W, 2010 MHz, 14001 MHz, 40
2026/09/13 19:52:48.224, 2 %, 0 %, 67.29 W, 2010 MHz, 14001 MHz, 40
2026/09/13 19:52:49.228, 2 %, 0 %, 67.43 W, 2010 MHz, 14001 MHz, 40
2026/09/13 19:52:50.231, 2 %, 0 %, 67.30 W, 2010 MHz, 14001 MHz, 40
2026/09/13 19:52:51.242, 2 %, 0 %, 67.43 W, 2010 MHz, 14001 MHz, 40
2026/09/13 19:52:52.249, 3 %, 1 %, 67.33 W, 2010 MHz, 14001 MHz, 40
2026/09/13 19:52:53.253, 1 %, 0 %, 67.16 W, 2010 MHz, 14001 MHz, 40
2026/09/13 19:52:54.260, 2 %, 1 %, 67.07 W, 2010 MHz, 14001 MHz, 40
2026/09/13 19:52:55.266, 2 %, 0 %, 67.26 W, 2010 MHz, 14001 MHz, 40
2026/09/13 19:52:56.272, 2 %, 0 %, 67.80 W, 2010 MHz, 14001 MHz, 40
2026/09/13 19:52:57.278, 1 %, 0 %, 67.56 W, 2010 MHz, 14001 MHz, 40
2026/09/13 19:52:58.286, 1 %, 0 %, 67.63 W, 2010 MHz, 14001 MHz, 40
2026/09/13 19:52:59.296, 3 %, 0 %, 67.58 W, 2010 MHz, 14001 MHz, 40
2026/09/13 19:53:00.299, 2 %, 0 %, 67.65 W, 2010 MHz, 14001 MHz, 40
2026/09/13 19:53:01.305, 2 %, 1 %, 67.39 W, 2010 MHz, 14001 MHz, 40
2026/09/13 19:53:02.312, 97 %, 29 %, 358.85 W, 1980 MHz, 14001 MHz, 49
2026/09/13 19:53:03.318, 98 %, 31 %, 361.36 W, 1980 MHz, 14001 MHz, 49
2026/09/13 19:53:04.324, 98 %, 30 %, 346.48 W, 1987 MHz, 14001 MHz, 49
2026/09/13 19:53:05.328, 99 %, 22 %, 346.59 W, 1987 MHz, 14001 MHz, 50
2026/09/13 19:53:06.331, 99 %, 19 %, 338.81 W, 1995 MHz, 14001 MHz, 50
2026/09/13 19:53:07.341, 99 %, 18 %, 335.51 W, 1995 MHz, 14001 MHz, 50
2026/09/13 19:53:08.345, 99 %, 16 %, 330.81 W, 1995 MHz, 14001 MHz, 51
2026/09/13 19:53:09.349, 99 %, 61 %, 309.45 W, 2002 MHz, 14001 MHz, 47
2026/09/13 19:53:10.358, 97 %, 33 %, 278.66 W, 2002 MHz, 14001 MHz, 50
2026/09/13 19:53:11.361, 98 %, 26 %, 355.51 W, 1987 MHz, 14001 MHz, 51
2026/09/13 19:53:12.367, 99 %, 20 %, 346.91 W, 1987 MHz, 14001 MHz, 52
2026/09/13 19:53:13.372, 98 %, 24 %, 343.13 W, 1995 MHz, 14001 MHz, 52
2026/09/13 19:53:14.379, 99 %, 17 %, 337.40 W, 1995 MHz, 14001 MHz, 52
2026/09/13 19:53:15.383, 98 %, 24 %, 334.50 W, 1995 MHz, 14001 MHz, 52
2026/09/13 19:53:16.388, 99 %, 62 %, 285.79 W, 2002 MHz, 14001 MHz, 48
2026/09/13 19:53:17.395, 98 %, 32 %, 296.03 W, 1987 MHz, 14001 MHz, 52
2026/09/13 19:53:18.400, 98 %, 26 %, 357.66 W, 1987 MHz, 14001 MHz, 53
2026/09/13 19:53:19.406, 99 %, 20 %, 348.26 W, 1987 MHz, 14001 MHz, 53
2026/09/13 19:53:20.414, 98 %, 26 %, 340.25 W, 1995 MHz, 14001 MHz, 53
2026/09/13 19:53:21.419, 98 %, 24 %, 335.96 W, 1995 MHz, 14001 MHz, 53
2026/09/13 19:53:22.423, 99 %, 23 %, 332.84 W, 1995 MHz, 14001 MHz, 54
2026/09/13 19:53:23.428, 99 %, 62 %, 283.31 W, 2002 MHz, 14001 MHz, 49
2026/09/13 19:53:24.434, 97 %, 31 %, 310.57 W, 1987 MHz, 14001 MHz, 53
2026/09/13 19:53:25.439, 98 %, 29 %, 355.71 W, 1987 MHz, 14001 MHz, 54
2026/09/13 19:53:26.446, 98 %, 22 %, 347.15 W, 1987 MHz, 14001 MHz, 54
2026/09/13 19:53:27.451, 98 %, 26 %, 341.69 W, 1995 MHz, 14001 MHz, 54
2026/09/13 19:53:28.455, 98 %, 25 %, 338.05 W, 1995 MHz, 14001 MHz, 54
2026/09/13 19:53:29.460, 99 %, 16 %, 334.60 W, 1995 MHz, 14001 MHz, 55
2026/09/13 19:53:30.467, 99 %, 62 %, 275.65 W, 2002 MHz, 14001 MHz, 50
2026/09/13 19:53:31.472, 99 %, 25 %, 327.69 W, 1987 MHz, 14001 MHz, 55
2026/09/13 19:53:32.478, 98 %, 28 %, 358.13 W, 1987 MHz, 14001 MHz, 55
2026/09/13 19:53:33.482, 98 %, 27 %, 334.78 W, 1987 MHz, 14001 MHz, 53
2026/09/13 19:53:34.486, 99 %, 21 %, 340.60 W, 1995 MHz, 14001 MHz, 55
2026/09/13 19:53:35.489, 98 %, 24 %, 331.84 W, 1995 MHz, 14001 MHz, 55
2026/09/13 19:53:36.497, 99 %, 16 %, 328.62 W, 1995 MHz, 14001 MHz, 55
2026/09/13 19:53:37.503, 99 %, 58 %, 258.61 W, 2002 MHz, 14001 MHz, 51
2026/09/13 19:53:38.510, 97 %, 32 %, 310.40 W, 1980 MHz, 14001 MHz, 54
2026/09/13 19:53:39.515, 99 %, 22 %, 356.97 W, 1987 MHz, 14001 MHz, 56
2026/09/13 19:53:40.520, 99 %, 20 %, 349.53 W, 1995 MHz, 14001 MHz, 56
2026/09/13 19:53:41.527, 97 %, 26 %, 339.48 W, 1995 MHz, 14001 MHz, 55
2026/09/13 19:53:42.529, 98 %, 25 %, 337.33 W, 1995 MHz, 14001 MHz, 55
2026/09/13 19:53:43.546, 99 %, 16 %, 332.51 W, 1995 MHz, 14001 MHz, 56
2026/09/13 19:53:44.548, 99 %, 62 %, 266.79 W, 2002 MHz, 14001 MHz, 52
2026/09/13 19:53:45.555, 97 %, 31 %, 322.84 W, 1987 MHz, 14001 MHz, 56
2026/09/13 19:53:46.560, 98 %, 29 %, 354.71 W, 1995 MHz, 14001 MHz, 56
2026/09/13 19:53:47.577, 97 %, 27 %, 344.02 W, 1995 MHz, 14001 MHz, 54
2026/09/13 19:53:48.582, 98 %, 26 %, 335.00 W, 1995 MHz, 14001 MHz, 56
2026/09/13 19:53:49.587, 98 %, 25 %, 337.81 W, 1995 MHz, 14001 MHz, 56
2026/09/13 19:53:50.594, 97 %, 19 %, 334.82 W, 1995 MHz, 14001 MHz, 57
2026/09/13 19:53:51.598, 98 %, 32 %, 344.36 W, 1987 MHz, 14001 MHz, 56
2026/09/13 19:53:52.603, 99 %, 21 %, 360.35 W, 1987 MHz, 14001 MHz, 57
2026/09/13 19:53:53.608, 98 %, 22 %, 348.15 W, 1987 MHz, 14001 MHz, 57
2026/09/13 19:53:54.612, 99 %, 18 %, 343.40 W, 1995 MHz, 14001 MHz, 57
2026/09/13 19:53:55.617, 99 %, 16 %, 341.55 W, 1995 MHz, 14001 MHz, 57
2026/09/13 19:53:56.623, 99 %, 63 %, 319.91 W, 2002 MHz, 14001 MHz, 53
2026/09/13 19:53:57.630, 98 %, 60 %, 267.86 W, 2002 MHz, 14001 MHz, 52
2026/09/13 19:53:58.634, 98 %, 30 %, 367.48 W, 1987 MHz, 14001 MHz, 57
2026/09/13 19:53:59.639, 98 %, 25 %, 356.59 W, 1995 MHz, 14001 MHz, 58
2026/09/13 19:54:00.642, 99 %, 19 %, 351.67 W, 1995 MHz, 14001 MHz, 58
2026/09/13 19:54:01.645, 99 %, 24 %, 345.40 W, 1995 MHz, 14001 MHz, 58
2026/09/13 19:54:02.649, 99 %, 17 %, 335.72 W, 1995 MHz, 14001 MHz, 58
2026/09/13 19:54:03.657, 99 %, 63 %, 273.46 W, 2002 MHz, 14001 MHz, 53
2026/09/13 19:54:04.661, 98 %, 31 %, 339.81 W, 1987 MHz, 14001 MHz, 58
2026/09/13 19:54:05.664, 98 %, 28 %, 360.43 W, 1995 MHz, 14001 MHz, 56
2026/09/13 19:54:06.672, 98 %, 27 %, 351.47 W, 1995 MHz, 14001 MHz, 56
2026/09/13 19:54:07.680, 99 %, 18 %, 346.30 W, 1995 MHz, 14001 MHz, 58
2026/09/13 19:54:08.685, 98 %, 19 %, 341.24 W, 1995 MHz, 14001 MHz, 58
2026/09/13 19:54:09.687, 99 %, 63 %, 322.61 W, 2002 MHz, 14001 MHz, 54
2026/09/13 19:54:10.691, 99 %, 63 %, 269.96 W, 2002 MHz, 14001 MHz, 53
