timestamp_ms,sm_clock_mhz,mem_clock_mhz,pstate,temp_c,power_w,util_gpu_pct,util_mem_pct,throttle_reasons,proc_cpu_pct,proc_threads,proc_workingset_mb
394,2025,14001,P0,40,84.18,9,1,0x0000000000000000,,29,351.1
1132,1642,14001,P0,39,82.22,6,0,0x0000000000000000,0,29,351.1
1788,1642,14001,P0,40,78.33,6,0,0x0000000000000000,0,29,351.1
2480,1627,14001,P0,39,81.07,6,0,0x0000000000000000,0,29,351.1
3139,1545,14001,P0,39,77.79,5,0,0x0000000000000000,0,29,351.1
3798,1552,14001,P0,39,76.19,7,1,0x0000000000000000,0,29,351.1
4557,1567,14001,P0,39,75.96,7,1,0x0000000000000000,0,29,351.1
5224,1507,14001,P0,39,76.72,7,1,0x0000000000000000,0,29,351.1
5883,1365,14001,P0,39,75.63,5,0,0x0000000000000000,0,29,351.1
6538,1462,14001,P0,39,75.81,6,0,0x0000000000000000,0,29,351.1
7186,1432,14001,P0,39,76.04,5,0,0x0000000000000000,0,29,351.1
7899,1440,14001,P0,39,75.40,5,0,0x0000000000000000,0,29,351.1
8558,1560,14001,P0,39,75.58,5,0,0x0000000000000000,0,29,351.1
9211,1492,14001,P0,39,75.83,5,0,0x0000000000000000,0,29,351.1
9986,1417,14001,P0,39,75.44,5,0,0x0000000000000000,0,29,351.1
10684,1485,14001,P0,39,74.93,5,0,0x0000000000000000,0,29,351.1
11363,1552,14001,P0,39,77.29,7,0,0x0000000000000000,0,29,351.5
12072,1447,14001,P0,39,76.99,5,0,0x0000000000000000,0,29,351.5
12740,1462,14001,P0,39,76.44,6,0,0x0000000000000000,1.01,29,373.1
13394,2790,14001,P0,50,458.60,97,51,0x0000000000000000,2.42,29,373.2
14067,2887,14001,P0,50,526.19,98,71,0x0000000000000000,2.18,29,373.2
14735,2887,14001,P0,50,474.57,99,69,0x0000000000000000,2.48,29,373.2
15401,2887,14001,P0,51,472.52,99,68,0x0000000000000000,2.59,29,373.2
16210,2887,14001,P0,51,473.03,99,70,0x0000000000000000,2.21,29,373.2
16893,2887,14001,P0,47,473.55,99,67,0x0000000000000000,1.05,29,373.2
17568,2917,14001,P0,43,325.94,5,1,0x0000000000000000,0,29,373.2
18235,2925,14001,P0,43,159.62,4,0,0x0000000000000000,0,29,373.2
18923,2452,14001,P0,42,103.89,6,1,0x0000000000000000,0,29,373.2
19604,1792,14001,P0,41,88.67,7,1,0x0000000000000000,0,29,373.2
20272,1695,14001,P0,41,79.34,6,0,0x0000000000000000,0,29,373.2
20941,1597,14001,P0,41,78.16,6,0,0x0000000000000000,0,29,373.2
21613,1665,14001,P0,41,78.52,9,1,0x0000000000000000,0,29,373.2
22298,1492,14001,P0,41,77.88,5,0,0x0000000000000000,0.11,29,377.2
22973,2670,14001,P0,53,244.28,97,31,0x0000000000000004,0.8,29,377.2
23629,2790,14001,P0,53,492.03,95,35,0x0000000000000004,1.08,29,377.2
24297,2797,14001,P0,55,574.12,97,35,0x0000000000000004,0.91,29,377.2
24963,2805,14001,P0,55,570.37,96,35,0x0000000000000004,0.82,29,377.2
25625,2812,14001,P0,57,573.49,98,36,0x0000000000000004,1.19,29,377.2
26305,2805,14001,P0,56,569.81,97,36,0x0000000000000004,2.23,29,377.2
26983,2910,14001,P0,50,445.44,99,69,0x0000000000000000,2.52,29,377.3
27655,2895,14001,P0,52,412.50,99,68,0x0000000000000000,2.39,29,377.3
28342,2895,14001,P0,52,455.73,98,69,0x0000000000000000,2.35,29,377.3
29011,2895,14001,P0,52,457.70,98,70,0x0000000000000000,3.21,29,377.3
29682,2895,14001,P0,53,458.48,99,67,0x0000000000000000,1.72,29,377.3
30350,2910,14001,P0,46,368.15,6,0,0x0000000000000000,0.47,29,377.3
31042,2917,14001,P0,45,212.38,5,1,0x0000000000000000,0,29,377.3
31741,2917,14001,P0,45,112.83,7,1,0x0000000000000000,0,29,377.3
32418,1702,14001,P0,44,96.02,6,1,0x0000000000000000,0,29,377.3
33100,1657,14001,P0,43,79.14,4,0,0x0000000000000000,0,29,377.3
33779,1507,14001,P0,43,78.33,6,0,0x0000000000000000,0,29,377.3
34466,1567,14001,P0,43,78.91,7,1,0x0000000000000000,0,29,377.3
35131,1545,14001,P0,43,79.15,6,1,0x0000000000000000,0,29,377.3
35830,1522,14001,P0,43,79.01,6,0,0x0000000000000000,0,29,377.3
36506,1530,14001,P0,43,76.77,5,0,0x0000000000000000,0,29,377.3
37172,1515,14001,P0,43,76.65,5,0,0x0000000000000000,0,29,377.3
37850,1522,14001,P0,42,78.72,5,0,0x0000000000000000,0,29,377.3
38524,1402,14001,P0,42,77.12,6,1,0x0000000000000000,0,29,377.3
39224,1372,14001,P0,42,75.61,4,0,0x0000000000000000,0,29,377.3
39894,1380,14001,P0,42,77.29,6,0,0x0000000000000000,0,26,377.2
40561,1425,14001,P0,42,76.14,6,1,0x0000000000000000,0,26,377.2
41225,1447,14001,P0,42,76.39,5,0,0x0000000000000000,0,26,377.2
41893,1485,14001,P0,42,77.36,4,0,0x0000000000000000,0,26,377.2
42573,1455,14001,P0,42,77.08,6,0,0x0000000000000000,0,26,377.2
43262,1425,14001,P0,42,76.44,5,0,0x0000000000000000,0,26,377.2
43933,1477,14001,P0,42,77.69,6,0,0x0000000000000000,0,26,377.2
44618,1515,14001,P0,42,77.46,7,1,0x0000000000000000,0,26,377.2
45289,1312,14001,P0,42,76.43,6,0,0x0000000000000000,0,26,377.2
45970,1477,14001,P0,41,76.96,5,0,0x0000000000000000,0,26,377.2
46635,1522,14001,P0,41,77.09,8,1,0x0000000000000000,0,26,377.2
47295,1357,14001,P0,41,76.45,4,0,0x0000000000000000,0,26,377.2
47983,1500,14001,P0,41,78.73,9,1,0x0000000000000000,0,26,377.2
48663,1620,14001,P0,41,78.86,6,0,0x0000000000000000,0,26,377.2
49408,1552,14001,P0,41,75.61,6,1,0x0000000000000000,0,26,377.2
50117,1545,14001,P0,41,77.30,6,1,0x0000000000000000,0,26,377.2
50802,1567,14001,P0,41,78.55,7,1,0x0000000000000000,0,26,377.2
51465,1507,14001,P0,41,76.83,7,1,0x0000000000000000,0,26,377.2
52138,1395,14001,P0,41,76.10,5,0,0x0000000000000000,0,26,377.2
52803,1545,14001,P0,41,75.89,6,0,0x0000000000000000,0,26,377.2
53475,1507,14001,P0,41,76.39,5,0,0x0000000000000000,0,26,377.2
54179,1462,14001,P0,41,76.00,5,0,0x0000000000000000,0,26,377.2
54849,1432,14001,P0,41,76.00,4,0,0x0000000000000000,0,26,377.2
55527,1582,14001,P0,41,76.32,6,0,0x0000000000000000,0,26,377.2
56196,1432,14001,P0,41,76.00,4,0,0x0000000000000000,0,26,377.2
56886,1492,14001,P0,40,77.70,6,0,0x0000000000000000,0,26,377.2
57554,1522,14001,P0,40,77.66,8,1,0x0000000000000000,0,26,377.2
58278,1462,14001,P0,40,77.62,5,0,0x0000000000000000,0,26,377.2
58968,1395,14001,P0,40,77.00,6,0,0x0000000000000000,0,26,377.2
59659,1537,14001,P0,40,76.99,6,1,0x0000000000000000,0,26,377.2
60348,1485,14001,P0,40,76.08,7,1,0x0000000000000000,0,26,377.2
61033,1357,14001,P0,40,75.74,6,1,0x0000000000000000,0,26,377.2
61725,1552,14001,P0,40,75.92,5,0,0x0000000000000000,0,26,377.2
62376,1492,14001,P0,40,75.73,7,1,0x0000000000000000,0,26,377.2
63061,1320,14001,P0,40,75.12,5,0,0x0000000000000000,0,26,377.2
63728,1507,14001,P0,40,75.55,6,1,0x0000000000000000,0,26,377.2
64390,1567,14001,P0,40,76.71,7,0,0x0000000000000000,0,26,377.2
65087,1635,14001,P0,40,79.70,8,1,0x0000000000000000,0,26,377.2
65747,2002,14001,P0,40,83.87,9,1,0x0000000000000000,0,26,377.2
66409,1642,14001,P0,40,76.79,6,0,0x0000000000000000,0,26,377.2
67097,1515,14001,P0,40,76.40,5,0,0x0000000000000000,0,26,377.2
67765,1620,14001,P0,40,76.44,6,0,0x0000000000000000,0,26,377.2
68472,1560,14001,P0,40,76.70,5,0,0x0000000000000000,0,26,377.2
69142,1470,14001,P0,40,76.10,4,0,0x0000000000000000,0,26,377.2
69814,1477,14001,P0,40,76.36,5,0,0x0000000000000000,0,26,377.2
70497,1500,14001,P0,40,76.50,6,0,0x0000000000000000,0,26,377.2
71168,1432,14001,P0,40,75.88,5,0,0x0000000000000000,0,26,377.2
71843,1425,14001,P0,39,75.13,6,0,0x0000000000000000,0,26,377.2
72507,1485,14001,P0,40,74.64,5,0,0x0000000000000000,0,26,377.2
73174,1402,14001,P0,39,74.50,5,0,0x0000000000000000,0,26,377.2
73834,1425,14001,P0,40,75.42,5,0,0x0000000000000000,0,26,377.2
74506,1492,14001,P0,39,75.63,5,0,0x0000000000000000,0,26,377.2
75177,1455,14001,P0,39,75.49,5,0,0x0000000000000000,0,26,377.2
75867,1462,14001,P0,39,76.39,8,1,0x0000000000000000,0,26,377.2
76557,1507,14001,P0,40,76.88,5,0,0x0000000000000000,0,26,377.2
77224,1455,14001,P0,39,76.89,6,0,0x0000000000000000,0,26,377.2
77890,1425,14001,P0,39,75.23,6,1,0x0000000000000000,0,26,377.2
78627,1500,14001,P0,39,75.72,6,0,0x0000000000000000,0,26,377.2
79370,1522,14001,P0,39,77.84,9,1,0x0000000000000000,0,26,377.2
80053,1935,14001,P0,40,84.21,7,1,0x0000000000000000,0,26,377.2
80719,1680,14001,P0,39,83.13,7,0,0x0000000000000000,0,26,377.2
81385,1635,14001,P0,39,76.04,7,0,0x0000000000000000,0,26,377.2
82086,1515,14001,P0,39,75.38,4,0,0x0000000000000000,0,26,377.2
82760,1620,14001,P0,39,75.99,7,0,0x0000000000000000,0,26,377.2
83432,1575,14001,P0,39,80.43,8,1,0x0000000000000000,0,26,377.2
84121,1552,14001,P0,39,78.44,5,0,0x0000000000000000,0,26,377.2
84785,1687,14001,P0,39,77.68,5,0,0x0000000000000000,0,26,377.2
85462,1485,14001,P0,39,74.43,5,0,0x0000000000000000,0,26,377.2
86146,1440,14001,P0,39,74.31,5,0,0x0000000000000000,0,26,377.2
87039,1477,14001,P0,39,74.29,4,0,0x0000000000000000,0,26,377.2
87678,1447,14001,P0,39,74.31,5,0,0x0000000000000000,0,26,377.2
88356,1402,14001,P0,39,74.30,5,0,0x0000000000000000,0,26,377.2
89057,1485,14001,P0,39,74.22,4,0,0x0000000000000000,0,26,377.2
89738,1485,14001,P0,39,74.84,5,0,0x0000000000000000,0,26,377.2
90419,1552,14001,P0,39,75.19,5,0,0x0000000000000000,0,26,377.2
91083,1462,14001,P0,39,75.21,4,0,0x0000000000000000,0,26,377.2
91755,1447,14001,P0,39,74.43,5,0,0x0000000000000000,0,26,377.2
92461,1500,14001,P0,39,75.74,7,0,0x0000000000000000,0,26,377.2
93172,1410,14001,P0,39,75.72,5,0,0x0000000000000000,0,26,377.2
93863,1417,14001,P0,39,75.71,5,0,0x0000000000000000,0,26,377.2
94586,1927,14001,P0,39,78.51,4,0,0x0000000000000000,0,26,377.2
95247,1657,14001,P0,39,80.84,5,0,0x0000000000000000,0,26,377.2
95901,1867,14001,P0,39,81.84,10,1,0x0000000000000000,0,26,377.2
96597,1725,14001,P0,39,83.44,6,0,0x0000000000000000,0,26,377.2
97279,1567,14001,P0,39,79.96,6,0,0x0000000000000000,0,26,377.2
97943,1575,14001,P0,39,77.06,6,0,0x0000000000000000,0,26,377.2
98666,1425,14001,P0,39,75.74,5,0,0x0000000000000000,0,26,377.2
99346,1500,14001,P0,38,74.71,6,0,0x0000000000000000,0,26,377.2
100017,1387,14001,P0,39,74.79,6,0,0x0000000000000000,0,26,377.2
100717,1665,14001,P0,39,76.09,5,0,0x0000000000000000,0,26,377.2
101378,1462,14001,P0,39,75.67,10,2,0x0000000000000000,0.45,26,382.6
102034,2760,14001,P0,50,302.74,97,38,0x0000000000000004,1.44,26,382.6
102749,2805,14001,P0,53,572.77,96,37,0x0000000000000004,1.28,26,382.6
103414,2850,14001,P0,53,545.83,97,36,0x0000000000000004,1.87,26,377.2
104194,2812,14001,P0,51,534.75,97,35,0x0000000000000004,1.76,26,377.2
104880,2820,14001,P0,54,559.28,98,25,0x0000000000000004,1.11,26,377.2
105547,2820,14001,P0,55,556.71,97,31,0x0000000000000004,1.35,26,377.2
106205,2827,14001,P0,56,558.82,97,24,0x0000000000000004,1.06,26,377.2
106880,2827,14001,P0,57,564.95,98,22,0x0000000000000004,1.53,26,377.2
107580,2827,14001,P0,57,565.98,99,21,0x0000000000000004,1.05,26,377.2
108229,2835,14001,P0,52,550.87,99,71,0x0000000000000000,3.41,26,377.4
108889,2910,14001,P0,55,432.63,97,38,0x0000000000000004,2.24,26,377.7
109548,2805,14001,P0,57,511.79,98,35,0x0000000000000004,1.2,26,377.7
110207,2820,14001,P0,57,559.41,98,28,0x0000000000000004,0.82,26,377.7
110875,2820,14001,P0,55,562.02,97,31,0x0000000000000004,1.18,26,377.7
111560,2827,14001,P0,58,563.83,97,30,0x0000000000000004,1.62,26,377.7
112209,2835,14001,P0,58,564.30,98,26,0x0000000000000004,1.07,26,377.7
112878,2835,14001,P0,60,564.42,97,27,0x0000000000000004,1.3,26,377.7
113531,2835,14001,P0,55,558.81,98,51,0x0000000000000000,3.43,26,377.8
114180,2902,14001,P0,52,486.55,99,71,0x0000000000000000,2.17,26,377.8
114889,2835,14001,P0,56,460.67,87,33,0x0000000000000004,0.88,26,378.7
115786,2827,14001,P0,56,478.21,84,30,0x0000000000000004,2.09,26,378.7
116603,2850,14001,P0,54,485.18,83,29,0x0000000000000004,0.93,26,378.7
117285,2820,14001,P0,58,459.76,95,24,0x0000000000000004,1.67,26,378.7
117948,2827,14001,P0,59,565.30,96,29,0x0000000000000004,0.81,26,378.7
118592,2827,14001,P0,60,570.14,97,28,0x0000000000000004,1.57,26,378.7
119244,2835,14001,P0,61,567.57,97,28,0x0000000000000004,0.96,26,378.7
119890,2880,14001,P0,54,514.49,99,69,0x0000000000000000,2.52,26,378.8
120664,2902,14001,P0,54,445.58,99,71,0x0000000000000000,3.26,26,389.1
121318,2902,14001,P0,59,439.28,97,37,0x0000000000000004,1.45,26,389.1
122003,2812,14001,P0,61,561.53,98,34,0x0000000000000004,1.28,26,389.1
122711,2820,14001,P0,61,567.11,98,28,0x0000000000000004,1.38,26,389.1
123395,2820,14001,P0,62,566.95,97,30,0x0000000000000004,1.1,26,389.1
124081,2827,14001,P0,62,567.52,99,22,0x0000000000000004,1.71,26,389.1
124732,2827,14001,P0,62,567.42,99,21,0x0000000000000004,0.58,26,389.1
125404,2827,14001,P0,58,562.63,98,55,0x0000000000000000,1.99,26,389.1
126068,2902,14001,P0,55,489.76,99,70,0x0000000000000000,2.82,26,389.1
126736,2902,14001,P0,55,419.62,99,71,0x0000000000000000,2.23,26,390.7
127598,2805,14001,P0,62,550.25,98,30,0x0000000000000004,1.77,26,390.7
128286,2805,14001,P0,62,562.79,97,32,0x0000000000000004,0.9,26,390.7
128933,2812,14001,P0,63,566.18,97,30,0x0000000000000004,1.65,26,390.7
129606,2820,14001,P0,64,573.75,99,23,0x0000000000000004,1.64,26,390.7
130270,2812,14001,P0,63,571.90,98,23,0x0000000000000004,1.27,26,390.7
130929,2820,14001,P0,64,573.78,99,20,0x0000000000000004,2.16,26,390.7
131592,2842,14001,P0,57,534.31,99,70,0x0000000000000000,2.71,26,390.7
132278,2902,14001,P0,57,450.25,99,71,0x0000000000000000,3.51,26,391.7
132945,2797,14001,P0,63,509.86,97,35,0x0000000000000004,0.9,26,391.7
133623,2797,14001,P0,63,569.73,96,34,0x0000000000000004,1.29,26,391.7
134296,2805,14001,P0,61,565.63,97,32,0x0000000000000000,1.5,26,391.7
134953,2805,14001,P0,63,565.86,97,31,0x0000000000000004,1.29,26,391.7
135640,2812,14001,P0,63,568.58,97,29,0x0000000000000004,1.41,26,391.7
136315,2812,14001,P0,63,570.98,97,29,0x0000000000000004,0.69,26,391.7
136993,2812,14001,P0,65,570.40,98,21,0x0000000000000004,1.38,26,391.7
137720,2902,14001,P0,58,502.59,98,69,0x0000000000000000,1.88,26,391.7
138408,2857,14001,P0,63,457.57,96,37,0x0000000000000004,1.26,26,391.9
139109,2790,14001,P0,64,534.12,97,33,0x0000000000000004,0.57,26,391.9
139806,2805,14001,P0,65,569.12,98,27,0x0000000000000004,1.12,26,391.9
140521,2812,14001,P0,65,565.43,98,24,0x0000000000000004,1.36,26,391.9
141193,2805,14001,P0,63,568.27,97,30,0x0000000000000004,0.66,26,391.9
141895,2812,14001,P0,63,571.32,97,28,0x0000000000000004,1.03,26,391.9
142596,2812,14001,P0,66,567.11,97,28,0x0000000000000004,1.01,26,391.9
143348,2812,14001,P0,60,546.01,99,68,0x0000000000000000,1.86,26,390.4
144125,2790,14001,P0,64,549.96,96,34,0x0000000000000004,0.84,26,390.4
144861,2797,14001,P0,64,570.60,97,33,0x0000000000000004,0.9,26,390.4
145603,2805,14001,P0,65,567.19,98,29,0x0000000000000004,1.18,26,390.4
146275,2805,14001,P0,64,565.86,98,29,0x0000000000000004,0.73,26,390.4
146968,2812,14001,P0,64,569.06,96,29,0x0000000000000004,0.94,26,390.4
147661,2812,14001,P0,67,568.91,99,20,0x0000000000000004,1.57,26,390.4
148370,2842,14001,P0,60,528.84,98,70,0x0000000000000000,1.92,26,390.4
149076,2902,14001,P0,64,432.46,96,38,0x0000000000000004,1.73,26,391.6
149792,2782,14001,P0,64,508.24,95,35,0x0000000000000004,1.13,26,391.6
150516,2797,14001,P0,66,564.86,96,32,0x0000000000000004,0.66,26,391.6
151171,2805,14001,P0,66,568.56,97,31,0x0000000000000004,1.4,26,391.6
151873,2805,14001,P0,66,570.45,98,26,0x0000000000000004,1.04,26,391.6
152584,2805,14001,P0,67,570.22,97,23,0x0000000000000004,1.02,26,391.6
153242,2812,14001,P0,67,569.53,99,21,0x0000000000000004,0.66,26,391.6
153913,2887,14001,P0,60,515.51,99,69,0x0000000000000000,2.81,26,391.6
154580,2902,14001,P0,60,446.51,99,71,0x0000000000000000,2.82,26,391.2
155250,2872,14001,P0,64,459.19,97,37,0x0000000000000004,0.93,26,391.2
155959,2797,14001,P0,67,572.24,97,33,0x0000000000000004,1.29,26,391.2
156708,2805,14001,P0,65,567.83,96,32,0x0000000000000004,1.32,26,391.2
157387,2805,14001,P0,68,574.38,98,23,0x0000000000000004,1.14,26,391.2
158060,2805,14001,P0,68,573.10,98,28,0x0000000000000004,1.41,26,391.2
158724,2805,14001,P0,68,575.91,98,27,0x0000000000000004,0.92,26,391.2
159389,2812,14001,P0,62,559.57,99,69,0x0000000000000000,2.71,26,391.2
160043,2902,14001,P0,61,490.80,99,69,0x0000000000000000,2.89,26,391.2
160732,2902,14001,P0,60,422.37,98,68,0x0000000000000000,1.17,26,391.3
161405,2910,14001,P0,54,157.42,5,0,0x0000000000000000,0,26,391.3
162109,2910,14001,P0,54,119.63,5,0,0x0000000000000000,0,26,391.3
162758,2910,14001,P0,61,150.44,76,25,0x0000000000000004,0.9,26,391.8
163396,2775,14001,P0,62,547.49,99,71,0x0000000000000004,2.6,26,391.8
164069,2857,14001,P0,62,521.11,99,70,0x0000000000000000,2.8,26,391.8
164711,2857,14001,P0,62,496.14,98,68,0x0000000000000000,2.9,26,391.8
165374,2857,14001,P0,62,496.03,99,69,0x0000000000000000,2.7,26,391.8
166038,2857,14001,P0,62,494.76,99,71,0x0000000000000000,2.4,26,391.8
166738,2857,14001,P0,62,493.83,99,70,0x0000000000000000,2.11,26,391.8
167428,2910,14001,P0,54,256.12,5,1,0x0000000000000000,0,26,391.8
168097,2910,14001,P0,53,119.78,5,1,0x0000000000000000,0,26,391.8
168794,2910,14001,P0,53,118.35,6,1,0x0000000000000000,0,26,391.8
169459,1762,14001,P0,52,94.11,5,0,0x0000000000000000,0,26,391.8
170163,1657,14001,P0,51,86.26,5,0,0x0000000000000000,0,26,391.8
170829,1620,14001,P0,51,85.77,5,0,0x0000000000000000,0,26,391.8
171507,1597,14001,P0,51,85.90,5,0,0x0000000000000000,0,26,391.8
172177,1500,14001,P0,50,84.65,5,0,0x0000000000000000,0,26,391.8
172817,1590,14001,P0,50,84.11,5,0,0x0000000000000000,0.36,26,393.2
173487,2752,14001,P0,63,525.42,96,37,0x0000000000000004,1.53,26,393.2
174129,2775,14001,P0,63,574.85,96,36,0x0000000000000004,1.2,26,393.2
174823,2775,14001,P0,63,573.09,97,38,0x0000000000000004,1.29,26,393.2
175482,2790,14001,P0,64,573.37,97,38,0x0000000000000004,1.02,26,393.2
176139,2775,14001,P0,65,574.64,97,35,0x0000000000000004,2.14,26,393.2
176803,2842,14001,P0,59,528.79,99,69,0x0000000000000000,3.13,26,393.2
177452,2880,14001,P0,60,442.07,99,70,0x0000000000000000,3,26,393.2
178113,2880,14001,P0,60,474.45,99,71,0x0000000000000000,3.05,26,393.2
178791,2880,14001,P0,60,473.20,98,69,0x0000000000000000,2.71,26,393.2
179451,2880,14001,P0,60,471.05,99,71,0x0000000000000000,2.3,26,393.2
180121,2880,14001,P0,60,468.00,99,70,0x0000000000000000,1.52,26,393.2
180840,2895,14001,P0,53,358.42,4,0,0x0000000000000000,0,26,393.2
181507,2917,14001,P0,52,117.68,7,1,0x0000000000000000,0,26,393.2
182165,2917,14001,P0,51,113.87,6,0,0x0000000000000000,0,26,393.2
182854,1792,14001,P0,51,98.37,5,0,0x0000000000000000,0,26,393.2
183530,1605,14001,P0,50,83.42,6,0,0x0000000000000000,0,26,393.2
184325,1560,14001,P0,50,83.53,6,0,0x0000000000000000,0,26,393.2
184991,1515,14001,P0,50,83.30,6,1,0x0000000000000000,0,26,393.2
185664,1537,14001,P0,49,81.95,5,0,0x0000000000000000,0,26,393.2
186335,1447,14001,P0,49,81.32,6,1,0x0000000000000000,0,26,393.2
187001,1402,14001,P0,49,80.22,6,1,0x0000000000000000,0,26,393.2
187660,1500,14001,P0,49,80.25,5,0,0x0000000000000000,0,26,393.2
188354,1470,14001,P0,49,80.69,5,0,0x0000000000000000,0,26,393.2
189026,1507,14001,P0,48,81.99,6,0,0x0000000000000000,0,26,393.2
189698,1447,14001,P0,48,80.87,5,0,0x0000000000000000,0,26,393.2
190368,1537,14001,P0,48,81.79,5,0,0x0000000000000000,0,26,393.2
191181,1477,14001,P0,48,81.33,6,1,0x0000000000000000,0,26,393.2
191875,1440,14001,P0,47,80.47,6,0,0x0000000000000000,0,26,393.2
192553,1500,14001,P0,47,80.25,5,0,0x0000000000000000,0,26,393.2
193218,1395,14001,P0,47,79.94,7,1,0x0000000000000000,0,26,393.2
193900,1477,14001,P0,47,79.75,7,1,0x0000000000000000,0,26,393.2
194576,1470,14001,P0,47,79.52,4,0,0x0000000000000000,0,26,393.2
195235,1357,14001,P0,47,78.88,5,0,0x0000000000000000,0,26,393.2
195908,1425,14001,P0,46,79.62,7,1,0x0000000000000000,0,26,393.2
196568,1447,14001,P0,46,79.87,6,0,0x0000000000000000,0,26,393.2
197222,1402,14001,P0,46,79.51,7,1,0x0000000000000000,0,26,393.2
197886,1372,14001,P0,46,79.70,7,1,0x0000000000000000,0,26,393.2
198560,1485,14001,P0,46,79.92,5,0,0x0000000000000000,0,26,393.2
199228,1440,14001,P0,46,80.41,6,0,0x0000000000000000,0,26,393.2
199898,1447,14001,P0,46,79.36,7,1,0x0000000000000000,0,26,393.2
200571,1492,14001,P0,45,79.14,5,0,0x0000000000000000,0,26,393.2
201245,1470,14001,P0,45,79.34,6,0,0x0000000000000000,0,26,393.2
201911,1552,14001,P0,45,80.63,6,0,0x0000000000000000,0,26,393.2
202568,1455,14001,P0,45,79.45,4,0,0x0000000000000000,0,26,393.2
203236,1410,14001,P0,45,78.28,8,1,0x0000000000000000,0,26,393.2
203904,1455,14001,P0,45,78.71,6,0,0x0000000000000000,0,26,393.2
204593,1447,14001,P0,45,78.06,6,0,0x0000000000000000,0,26,393.2
205274,1440,14001,P0,45,78.39,5,0,0x0000000000000000,0,26,393.2
205934,1425,14001,P0,45,78.86,7,0,0x0000000000000000,0,26,393.2
206614,1522,14001,P0,44,78.37,4,0,0x0000000000000000,0,26,393.2
207264,1380,14001,P0,44,77.41,5,0,0x0000000000000000,0,26,393.2
207930,1395,14001,P0,44,77.83,5,0,0x0000000000000000,0,26,393.2
208605,1477,14001,P0,44,78.11,6,0,0x0000000000000000,0,26,393.2
209269,1357,14001,P0,44,77.60,5,0,0x0000000000000000,0,26,393.2
209935,1440,14001,P0,44,77.70,6,0,0x0000000000000000,0,26,393.2
210621,1470,14001,P0,44,78.35,6,0,0x0000000000000000,0,26,393.2
211281,1425,14001,P0,44,77.50,5,0,0x0000000000000000,0,26,393.2
211997,1455,14001,P0,44,78.39,5,0,0x0000000000000000,0,26,393.2
212673,1530,14001,P0,44,79.04,7,0,0x0000000000000000,0,26,393.2
213343,1477,14001,P0,44,78.50,7,0,0x0000000000000000,0,26,393.2
214105,1477,14001,P0,43,78.98,6,0,0x0000000000000000,0,26,393.2
214777,1425,14001,P0,43,79.15,7,0,0x0000000000000000,0,26,393.2
215428,1507,14001,P0,43,78.32,5,0,0x0000000000000000,0,26,393.2
216112,1470,14001,P0,43,77.63,6,0,0x0000000000000000,0,26,393.2
216788,1530,14001,P0,43,77.79,6,0,0x0000000000000000,0,26,393.2
217477,1470,14001,P0,43,77.67,6,0,0x0000000000000000,0,26,393.2
218171,1432,14001,P0,43,78.31,6,0,0x0000000000000000,0,26,393.2
218827,1537,14001,P0,43,78.95,7,0,0x0000000000000000,0,26,393.2
219496,1537,14001,P0,43,77.83,8,1,0x0000000000000000,0,26,393.2
220168,1432,14001,P0,43,77.54,6,0,0x0000000000000000,0,26,393.2
220846,1440,14001,P0,43,77.04,7,1,0x0000000000000000,0,26,393.2
221592,1492,14001,P0,43,77.59,6,0,0x0000000000000000,0,26,393.2
222287,1477,14001,P0,43,77.81,6,0,0x0000000000000000,0,26,393.2
222963,1650,14001,P0,43,79.78,6,0,0x0000000000000000,0,26,393.2
223654,1560,14001,P0,42,80.13,7,0,0x0000000000000000,0,26,393.2
224307,1485,14001,P0,42,78.36,5,0,0x0000000000000000,0,26,393.2
224984,1395,14001,P0,42,77.48,6,0,0x0000000000000000,0,26,393.2
225649,1485,14001,P0,42,77.03,6,0,0x0000000000000000,0,26,393.2
226305,1417,14001,P0,42,77.02,7,1,0x0000000000000000,0,26,393.2
226997,1395,14001,P0,42,77.06,5,0,0x0000000000000000,0,26,393.2
227689,1507,14001,P0,42,76.94,7,1,0x0000000000000000,0,26,393.2
228389,1845,14001,P0,42,81.39,9,0,0x0000000000000000,0,26,393.2
229080,1860,14001,P0,42,85.46,8,0,0x0000000000000000,0,26,393.2
229757,1612,14001,P0,42,81.85,5,0,0x0000000000000000,0,26,393.2
230452,1507,14001,P0,42,76.93,5,0,0x0000000000000000,0,26,393.2
231164,1492,14001,P0,42,76.28,5,0,0x0000000000000000,0,26,393.2
231831,1552,14001,P0,42,76.41,6,0,0x0000000000000000,0,26,393.2
232520,1545,14001,P0,42,77.38,7,0,0x0000000000000000,0,26,393.2
233183,1470,14001,P0,42,76.97,5,0,0x0000000000000000,0,26,393.2
233864,1605,14001,P0,42,78.25,5,0,0x0000000000000000,0,26,393.2
234554,1837,14001,P0,42,81.24,8,1,0x0000000000000000,0,26,393.2
235238,1732,14001,P0,41,81.89,4,0,0x0000000000000000,0,26,393.2
235915,1950,14001,P0,42,83.86,10,1,0x0000000000000000,0,26,393.2
236613,1770,14001,P0,41,85.29,5,0,0x0000000000000000,0,26,393.2
237279,1642,14001,P0,41,78.36,5,0,0x0000000000000000,0,26,393.2
237941,1612,14001,P0,41,77.64,7,0,0x0000000000000000,0,26,393.2
238607,1627,14001,P0,41,78.38,6,0,0x0000000000000000,0,26,393.2
239255,1575,14001,P0,41,77.94,5,0,0x0000000000000000,0,26,393.2
239925,1567,14001,P0,41,77.93,5,0,0x0000000000000000,0,26,393.2
240614,1522,14001,P0,41,78.19,7,1,0x0000000000000000,0,26,393.2
241286,1567,14001,P0,41,78.01,5,0,0x0000000000000000,0,26,393.2
241964,1635,14001,P0,41,78.92,6,0,0x0000000000000000,0,26,393.2
242650,1530,14001,P0,41,78.44,6,0,0x0000000000000000,0,26,393.2
243328,1500,14001,P0,41,77.42,5,0,0x0000000000000000,0,26,393.2
244149,1552,14001,P0,41,78.40,6,0,0x0000000000000000,0,26,393.2
244824,1620,14001,P0,41,79.54,6,1,0x0000000000000000,0,26,393.2
245635,1657,14001,P0,41,80.55,7,1,0x0000000000000000,0,26,393.2
246323,1627,14001,P0,41,80.44,6,0,0x0000000000000000,0,26,393.2
247013,1485,14001,P0,41,77.35,5,0,0x0000000000000000,0,26,393.2
247684,1485,14001,P0,41,77.05,8,1,0x0000000000000000,0,26,393.2
248347,1485,14001,P0,41,77.99,5,0,0x0000000000000000,0,26,393.2
249026,1477,14001,P0,41,78.15,6,0,0x0000000000000000,0,26,393.2
249727,1537,14001,P0,40,78.38,5,0,0x0000000000000000,0,26,393.2
250399,1545,14001,P0,40,78.16,6,0,0x0000000000000000,0,26,393.2
251078,1515,14001,P0,40,77.38,7,0,0x0000000000000000,0,26,393.2
251788,1560,14001,P0,40,77.30,5,0,0x0000000000000000,0,26,393.2
252463,1560,14001,P0,40,87.93,28,8,0x0000000000000000,0.77,26,391.8
253126,2767,14001,P0,52,312.27,97,37,0x0000000000000004,1.17,26,391.8
253810,2805,14001,P0,55,572.04,97,35,0x0000000000000004,1.19,26,391.8
254463,2842,14001,P0,53,552.37,97,38,0x0000000000000004,2.22,26,393.2
255112,2812,14001,P0,56,552.01,97,35,0x0000000000000004,1.76,26,393.2
255768,2812,14001,P0,56,563.82,97,33,0x0000000000000004,1.09,26,393.2
256435,2827,14001,P0,57,565.10,98,24,0x0000000000000004,1.17,26,393.2
257110,2820,14001,P0,58,563.14,97,30,0x0000000000000004,1.4,26,393.2
257769,2827,14001,P0,58,563.60,97,29,0x0000000000000004,0.82,26,393.2
258413,2827,14001,P0,59,564.81,98,27,0x0000000000000004,1.21,26,393.2
259067,2827,14001,P0,53,544.10,99,68,0x0000000000000000,2.52,26,393.2
259730,2910,14001,P0,52,474.42,99,70,0x0000000000000000,2.11,26,393.3
260400,2805,14001,P0,55,514.65,97,35,0x0000000000000004,2.11,26,393.3
261067,2812,14001,P0,55,557.39,96,32,0x0000000000000000,1.41,26,393.3
261726,2820,14001,P0,59,561.43,98,26,0x0000000000000004,1.53,26,393.3
262522,2827,14001,P0,60,565.94,98,24,0x0000000000000004,2.34,26,393.3
263178,2827,14001,P0,60,565.93,99,22,0x0000000000000004,0.89,26,393.3
263850,2820,14001,P0,60,563.83,99,21,0x0000000000000004,2.11,26,393.3
264508,2835,14001,P0,56,556.87,99,64,0x0000000000000000,2.12,26,393.3
265160,2902,14001,P0,54,485.55,99,68,0x0000000000000000,2.65,26,393.3
265815,2902,14001,P0,53,413.03,98,69,0x0000000000000000,1.56,26,392.5
266470,2805,14001,P0,60,551.14,97,29,0x0000000000000004,0.82,26,392.5
267126,2812,14001,P0,61,567.74,97,27,0x0000000000000004,1.68,26,392.5
267793,2812,14001,P0,58,569.39,97,32,0x0000000000000004,1.41,26,392.5
268459,2820,14001,P0,62,566.76,98,26,0x0000000000000004,1.75,26,392.5
269141,2827,14001,P0,62,566.13,97,29,0x0000000000000004,1.17,26,392.5
269813,2820,14001,P0,62,566.58,98,25,0x0000000000000004,1.14,26,392.5
270475,2850,14001,P0,56,528.77,99,69,0x0000000000000000,1.88,26,392.5
271142,2902,14001,P0,55,457.09,99,70,0x0000000000000000,3.64,26,393.8
271812,2902,14001,P0,60,428.08,96,38,0x0000000000000004,1.17,26,393.8
272559,2812,14001,P0,60,563.27,96,34,0x0000000000000004,1.56,26,393.8
273218,2812,14001,P0,62,560.99,97,33,0x0000000000000004,0.62,26,393.8
273886,2812,14001,P0,64,568.02,98,29,0x0000000000000004,1.06,26,393.8
274547,2812,14001,P0,63,566.66,97,29,0x0000000000000004,1.18,26,393.8
275218,2812,14001,P0,62,566.73,97,29,0x0000000000000004,1.41,26,393.8
275903,2820,14001,P0,63,569.47,98,20,0x0000000000000004,2,26,393.8
276571,2902,14001,P0,57,503.06,99,71,0x0000000000000000,2.17,26,393.8
277268,2902,14001,P0,57,432.47,99,71,0x0000000000000000,1.98,26,393.8
277984,2797,14001,P0,63,536.00,97,35,0x0000000000000004,1.12,26,393.8
278655,2805,14001,P0,63,564.65,98,27,0x0000000000000004,0.99,26,393.8
279328,2805,14001,P0,63,563.97,97,31,0x0000000000000004,0.69,26,393.8
280002,2805,14001,P0,65,564.70,96,30,0x0000000000000004,1.17,26,393.8
280664,2812,14001,P0,62,563.91,96,29,0x0000000000000004,1.27,26,393.8
281334,2805,14001,P0,63,568.42,97,29,0x0000000000000004,1.69,26,393.8
282000,2820,14001,P0,59,551.16,99,71,0x0000000000000000,2.64,26,393.8
282677,2902,14001,P0,58,481.47,99,69,0x0000000000000000,2.92,26,396.7
283470,2902,14001,P0,58,416.30,99,70,0x0000000000000000,1.97,26,394.2
284149,2797,14001,P0,61,561.22,97,34,0x0000000000000004,1.07,26,394.2
284825,2805,14001,P0,64,566.53,97,33,0x0000000000000004,0.94,26,394.2
285505,2805,14001,P0,65,573.76,97,31,0x0000000000000004,1.14,26,394.2
286178,2812,14001,P0,64,571.00,97,29,0x0000000000000004,1.15,26,394.2
286845,2812,14001,P0,65,571.33,97,28,0x0000000000000004,0.92,26,394.2
287509,2812,14001,P0,66,570.58,97,28,0x0000000000000004,1.89,26,394.2
288179,2857,14001,P0,59,524.27,99,70,0x0000000000000000,2.93,26,394.2
288840,2902,14001,P0,59,455.27,99,68,0x0000000000000000,2.34,26,395.3
289505,2790,14001,P0,65,521.39,98,33,0x0000000000000004,1.18,26,395.3
290182,2797,14001,P0,65,568.92,98,30,0x0000000000000004,0.7,26,395.3
290873,2805,14001,P0,65,563.63,97,32,0x0000000000000004,1.15,26,395.3
291537,2805,14001,P0,62,568.77,97,30,0x0000000000000004,1.04,26,395.3
292192,2812,14001,P0,66,572.56,97,30,0x0000000000000004,1.76,26,395.3
292865,2812,14001,P0,65,569.98,97,28,0x0000000000000004,1.52,26,395.3
293519,2805,14001,P0,66,569.20,98,31,0x0000000000000004,1.06,26,394.1
294196,2842,14001,P0,66,545.33,97,37,0x0000000000000004,1.41,26,394.1
294871,2797,14001,P0,67,570.77,97,34,0x0000000000000004,0.57,26,394.1
295550,2805,14001,P0,66,570.94,98,25,0x0000000000000004,1.77,26,394.1
296208,2797,14001,P0,67,573.09,97,31,0x0000000000000004,1.15,26,394.1
296972,2812,14001,P0,67,573.32,97,29,0x0000000000000004,1.75,26,394.1
297632,2812,14001,P0,66,566.70,97,27,0x0000000000000004,0.72,26,394.1
298298,2812,14001,P0,68,552.93,97,28,0x0000000000000004,1.65,26,394.1
298982,2902,14001,P0,60,485.34,99,71,0x0000000000000000,2.46,26,394.1
299701,2902,14001,P0,60,421.42,99,68,0x0000000000000000,2.64,26,394.8
300355,2790,14001,P0,65,570.04,97,34,0x0000000000000004,1.53,26,394.8
301031,2790,14001,P0,65,574.85,97,33,0x0000000000000004,1.41,26,394.8
301694,2797,14001,P0,67,574.70,99,24,0x0000000000000004,1.52,26,394.8
302336,2797,14001,P0,68,571.73,97,31,0x0000000000000004,1.68,26,394.8
303022,2812,14001,P0,67,576.85,97,29,0x0000000000000004,1.17,26,394.8
303673,2812,14001,P0,67,571.54,97,28,0x0000000000000004,0.94,26,394.8
304340,2805,14001,P0,65,570.27,92,27,0x0000000000000004,2.24,26,394.8
305023,2902,14001,P0,61,452.95,99,71,0x0000000000000000,2.59,26,397
305680,2902,14001,P0,63,443.97,95,36,0x0000000000000004,1.37,26,394.8
306466,2790,14001,P0,67,521.91,97,31,0x0000000000000004,1.29,26,394.8
307140,2797,14001,P0,67,573.47,97,32,0x0000000000000004,1.01,26,394.8
307800,2790,14001,P0,67,573.45,97,31,0x0000000000000004,1.38,26,394.8
308467,2797,14001,P0,68,575.88,97,29,0x0000000000000004,1.3,26,394.8
309125,2812,14001,P0,68,575.66,97,28,0x0000000000000004,1.41,26,394.8
309833,2805,14001,P0,68,574.51,97,28,0x0000000000000004,1.29,26,394.8
310517,2895,14001,P0,61,500.80,99,70,0x0000000000000000,2.13,26,394.8
311175,2902,14001,P0,61,433.43,99,72,0x0000000000000000,1.26,26,394.8
311859,2910,14001,P0,56,314.22,6,1,0x0000000000000000,0,26,394.8
312532,2910,14001,P0,54,119.69,5,0,0x0000000000000000,0,26,394.8
313199,2910,14001,P0,53,116.30,5,1,0x0000000000000000,0.46,26,394.9
313839,2737,14001,P0,65,345.52,97,29,0x0000000000000004,2.66,26,394.9
314494,2857,14001,P0,62,526.37,99,69,0x0000000000000000,3.22,26,394.9
315161,2857,14001,P0,62,498.26,99,70,0x0000000000000000,3.19,26,394.9
315842,2857,14001,P0,63,498.66,99,69,0x0000000000000000,2.47,26,394.9
316557,2857,14001,P0,63,498.38,99,69,0x0000000000000000,2.64,26,394.9
317229,2857,14001,P0,63,496.72,99,70,0x0000000000000000,1.53,26,394.9
317919,2910,14001,P0,55,280.13,4,1,0x0000000000000000,0,26,394.9
318594,2910,14001,P0,54,120.68,4,0,0x0000000000000000,0,26,394.9
319285,2910,14001,P0,54,119.42,4,1,0x0000000000000000,0,26,394.9
320023,1702,14001,P0,52,89.93,5,0,0x0000000000000000,0,26,394.9
320688,1695,14001,P0,52,86.24,5,0,0x0000000000000000,0,26,394.9
321364,1582,14001,P0,51,85.54,5,0,0x0000000000000000,0,26,394.9
322042,1792,14001,P0,51,86.48,6,0,0x0000000000000000,0,26,394.9
322740,1590,14001,P0,51,85.36,6,0,0x0000000000000000,0,26,394.9
323405,1552,14001,P0,57,120.59,78,25,0x0000000000000004,0.92,26,398.1
324083,2737,14001,P0,63,344.32,97,29,0x0000000000000004,0.91,26,398.1
324745,2752,14001,P0,63,564.98,97,37,0x0000000000000004,1.39,26,398.1
325425,2767,14001,P0,64,571.46,97,37,0x0000000000000004,1.68,26,398.1
326084,2790,14001,P0,64,571.82,97,34,0x0000000000000004,0.92,26,398.1
326751,2775,14001,P0,64,577.33,97,31,0x0000000000000004,1.53,26,398.1
327444,2902,14001,P0,59,498.62,99,69,0x0000000000000000,2.48,26,398.1
328101,2902,14001,P0,60,420.15,99,70,0x0000000000000000,2.36,26,398.1
328776,2880,14001,P0,61,453.84,99,69,0x0000000000000000,2.71,26,398.1
329438,2880,14001,P0,60,474.74,99,69,0x0000000000000000,2.83,26,398.1
330127,2880,14001,P0,60,474.54,99,70,0x0000000000000000,3.27,26,398.1
330810,2880,14001,P0,60,473.04,99,69,0x0000000000000000,1.9,26,398.1
331482,2910,14001,P0,53,292.10,4,0,0x0000000000000000,0,26,398.1
332161,2910,14001,P0,53,133.85,4,0,0x0000000000000000,0,26,398.1
332824,2917,14001,P0,52,117.18,5,1,0x0000000000000000,0,26,398.1
333499,1732,14001,P0,51,91.60,5,0,0x0000000000000000,0,26,398.1
334178,1612,14001,P0,50,84.25,5,0,0x0000000000000000,0,26,398.1
334863,1635,14001,P0,50,83.81,5,0,0x0000000000000000,0,26,398.1
335536,2040,14001,P0,50,87.21,5,0,0x0000000000000000,0,26,398.1
336237,1657,14001,P0,50,86.86,6,0,0x0000000000000000,0,26,398.1
336908,1530,14001,P0,49,82.02,5,0,0x0000000000000000,0,26,398.1
337570,1477,14001,P0,49,81.34,4,0,0x0000000000000000,0,26,398.1
338252,1470,14001,P0,49,81.06,6,0,0x0000000000000000,0,26,398.1
338919,1380,14001,P0,49,81.11,5,0,0x0000000000000000,0,26,398.1
339584,1470,14001,P0,49,80.73,5,0,0x0000000000000000,0,26,398.1
340252,1417,14001,P0,48,80.96,5,0,0x0000000000000000,0,26,398.1
340914,1380,14001,P0,48,81.00,4,0,0x0000000000000000,0,26,398.1
341576,1462,14001,P0,48,80.91,5,0,0x0000000000000000,0,26,398.1
342278,1380,14001,P0,48,79.64,4,0,0x0000000000000000,0,26,398.1
342940,1477,14001,P0,48,80.34,5,0,0x0000000000000000,0,26,398.1
343608,1447,14001,P0,47,80.09,5,0,0x0000000000000000,0,26,398.1
344272,1380,14001,P0,47,79.85,5,0,0x0000000000000000,0,26,398.1
344931,1425,14001,P0,47,80.44,5,0,0x0000000000000000,0,26,398.1
345615,1447,14001,P0,47,79.33,5,0,0x0000000000000000,0,26,398.1
346289,1380,14001,P0,47,79.11,5,0,0x0000000000000000,0,26,398.1
346984,1425,14001,P0,47,79.33,6,1,0x0000000000000000,0,26,398.1
347647,1477,14001,P0,46,79.74,5,0,0x0000000000000000,0,26,398.1
348357,1387,14001,P0,46,79.48,5,0,0x0000000000000000,0,26,398.1
349037,1372,14001,P0,46,79.06,6,0,0x0000000000000000,0,26,398.1
349719,1515,14001,P0,46,79.36,5,0,0x0000000000000000,0,26,398.1
350385,1485,14001,P0,46,79.00,6,1,0x0000000000000000,0,26,398.1
351083,1455,14001,P0,46,79.35,6,0,0x0000000000000000,0,26,398.1
351777,1492,14001,P0,46,78.95,5,0,0x0000000000000000,0,26,398.1
352461,1650,14001,P0,46,84.68,4,0,0x0000000000000000,0,26,398.1
353134,1627,14001,P0,45,84.37,5,0,0x0000000000000000,0,26,398.1
353809,1552,14001,P0,45,79.94,4,0,0x0000000000000000,0,26,398.1
354465,1492,14001,P0,45,78.21,5,0,0x0000000000000000,0,26,398.1
355132,1552,14001,P0,45,78.28,6,0,0x0000000000000000,0,26,398.1
355820,1447,14001,P0,45,78.38,5,0,0x0000000000000000,0,26,398.1
356499,1500,14001,P0,45,78.58,5,0,0x0000000000000000,0,26,398.1
357159,1425,14001,P0,45,78.66,6,0,0x0000000000000000,0,26,398.1
357872,1447,14001,P0,45,78.44,4,0,0x0000000000000000,0,26,398.1
358534,1440,14001,P0,44,78.35,5,0,0x0000000000000000,0,26,398.1
359197,1447,14001,P0,45,78.45,7,1,0x0000000000000000,0,26,398.1
359876,1492,14001,P0,44,77.99,4,0,0x0000000000000000,0,26,398.1
360561,1485,14001,P0,44,77.66,4,0,0x0000000000000000,0,26,398.1
361234,1492,14001,P0,44,78.49,7,0,0x0000000000000000,0,26,398.1
361917,1380,14001,P0,44,77.78,7,0,0x0000000000000000,0,26,398.1
362590,1440,14001,P0,44,77.24,4,0,0x0000000000000000,0,26,398.1
363268,1500,14001,P0,44,77.52,6,0,0x0000000000000000,0,26,398.1
363927,1425,14001,P0,44,77.46,6,0,0x0000000000000000,0,26,398.1
364674,1530,14001,P0,44,77.45,6,0,0x0000000000000000,0,26,398.1
365368,1417,14001,P0,43,77.32,4,0,0x0000000000000000,0,26,398.1
366062,1440,14001,P0,43,77.72,6,1,0x0000000000000000,0,26,398.1
366741,1455,14001,P0,43,76.62,5,0,0x0000000000000000,0,26,398.1
367403,1515,14001,P0,43,77.56,7,0,0x0000000000000000,0,26,398.1
368115,1410,14001,P0,43,77.47,6,1,0x0000000000000000,0,26,398.1
368785,1492,14001,P0,43,77.32,5,0,0x0000000000000000,0,26,398.1
369501,1410,14001,P0,43,76.50,5,0,0x0000000000000000,0,26,398.1
370177,1402,14001,P0,43,77.26,5,0,0x0000000000000000,0,26,398.1
370865,1522,14001,P0,43,77.74,5,0,0x0000000000000000,0,26,398.1
371570,1477,14001,P0,43,77.38,5,0,0x0000000000000000,0,26,398.1
372232,1462,14001,P0,43,77.53,5,0,0x0000000000000000,0,26,398.1
372958,1462,14001,P0,43,77.48,5,0,0x0000000000000000,0,26,398.1
373676,1477,14001,P0,42,77.28,3,0,0x0000000000000000,0,26,398.1
374412,1500,14001,P0,43,78.92,6,0,0x0000000000000000,0,26,398.1
375089,1552,14001,P0,43,78.91,7,1,0x0000000000000000,0,26,398.1
375770,1507,14001,P0,42,79.02,6,0,0x0000000000000000,0,26,398.1
376461,1410,14001,P0,42,75.72,4,0,0x0000000000000000,0,26,398.1
377144,1440,14001,P0,42,76.08,5,0,0x0000000000000000,0,26,398.1
377825,1582,14001,P0,42,77.32,6,0,0x0000000000000000,0,26,398.1
378527,1485,14001,P0,42,76.47,5,0,0x0000000000000000,0,26,398.1
379222,1470,14001,P0,42,76.25,5,0,0x0000000000000000,0,26,398.1
379913,1342,14001,P0,42,76.79,4,0,0x0000000000000000,0,26,398.1
380594,1470,14001,P0,42,76.36,5,0,0x0000000000000000,0,26,398.1
381275,1395,14001,P0,42,76.04,4,0,0x0000000000000000,0,26,398.1
381969,1485,14001,P0,42,78.86,5,0,0x0000000000000000,0,26,398.1
382673,1515,14001,P0,42,76.55,4,0,0x0000000000000000,0,26,398.1
383371,1425,14001,P0,42,75.87,5,0,0x0000000000000000,0,26,398.1
384041,1462,14001,P0,42,77.39,5,0,0x0000000000000000,0,26,398.1
384720,1455,14001,P0,42,77.25,5,0,0x0000000000000000,0,26,398.1
385383,1492,14001,P0,41,76.37,5,0,0x0000000000000000,0,26,398.1
386091,1447,14001,P0,41,76.88,5,0,0x0000000000000000,0,26,398.1
386782,1462,14001,P0,41,76.78,5,0,0x0000000000000000,0,26,398.1
387431,1537,14001,P0,41,75.92,6,0,0x0000000000000000,0,26,398.1
388099,1440,14001,P0,41,76.99,5,0,0x0000000000000000,0,26,398.1
388755,1492,14001,P0,41,76.77,4,0,0x0000000000000000,0,26,398.1
389439,1357,14001,P0,41,75.94,4,0,0x0000000000000000,0,26,398.1
390123,1380,14001,P0,41,75.86,5,0,0x0000000000000000,0,26,398.1
390800,1507,14001,P0,41,76.57,4,0,0x0000000000000000,0,26,398.1
391461,1477,14001,P0,41,76.29,5,0,0x0000000000000000,0,26,398.1
392173,1432,14001,P0,41,76.55,6,0,0x0000000000000000,0,26,398.1
392844,1522,14001,P0,41,76.47,5,0,0x0000000000000000,0,26,398.1
393524,1432,14001,P0,41,76.29,5,0,0x0000000000000000,0,26,398.1
394187,1447,14001,P0,41,76.07,5,0,0x0000000000000000,0,26,398.1
394910,1440,14001,P0,41,76.48,5,0,0x0000000000000000,0,26,398.1
395579,1477,14001,P0,41,76.05,5,0,0x0000000000000000,0,26,398.1
396253,1402,14001,P0,41,75.97,4,0,0x0000000000000000,0,26,398.1
396924,1462,14001,P0,41,76.62,5,0,0x0000000000000000,0,26,398.1
397584,1410,14001,P0,41,76.01,5,0,0x0000000000000000,0,26,398.1
398258,1380,14001,P0,41,75.76,6,0,0x0000000000000000,0,26,398.1
398914,1425,14001,P0,41,75.68,6,0,0x0000000000000000,0,26,398.1
399585,1530,14001,P0,40,76.23,5,0,0x0000000000000000,0,26,398.1
400263,1447,14001,P0,41,76.54,5,0,0x0000000000000000,0,26,398.1
400940,1455,14001,P0,40,76.32,6,0,0x0000000000000000,0,26,398.1
401618,1582,14001,P0,41,77.08,7,0,0x0000000000000000,0,26,398.1
402310,1500,14001,P0,40,76.81,5,0,0x0000000000000000,0,26,398.1
402993,2347,14001,P0,50,125.48,97,33,0x0000000000000004,0.78,26,395
403652,2805,14001,P0,55,378.86,97,38,0x0000000000000004,0.7,26,395
404315,2812,14001,P0,55,574.86,96,37,0x0000000000000004,2.09,26,397.2
404970,2805,14001,P0,56,553.82,97,37,0x0000000000000004,0.94,26,396.6
405706,2812,14001,P0,53,551.58,97,35,0x0000000000000004,1.03,26,396.6
406367,2820,14001,P0,54,564.96,98,30,0x0000000000000004,1.82,26,396.6
407034,2820,14001,P0,57,565.82,97,31,0x0000000000000004,1.3,26,396.6
407692,2827,14001,P0,58,567.08,99,22,0x0000000000000004,1.64,26,396.6
408558,2835,14001,P0,58,565.96,99,22,0x0000000000000004,2.11,26,396.6
409205,2827,14001,P0,59,565.70,99,20,0x0000000000000004,1.11,26,396.6
409870,2910,14001,P0,52,459.75,99,71,0x0000000000000000,2.81,26,396.3
410610,2805,14001,P0,57,461.16,96,37,0x0000000000000004,1.29,26,396.3
411275,2812,14001,P0,56,536.44,97,35,0x0000000000000004,1.27,26,396.3
411951,2820,14001,P0,60,568.35,98,32,0x0000000000000004,0.7,26,396.3
412616,2812,14001,P0,60,568.65,97,31,0x0000000000000004,1.29,26,396.3
413300,2827,14001,P0,61,569.79,98,23,0x0000000000000004,0.82,26,396.3
413951,2835,14001,P0,61,570.01,98,21,0x0000000000000004,1.15,26,396.3
414606,2827,14001,P0,61,570.97,99,20,0x0000000000000004,1.8,26,396.3
415278,2902,14001,P0,54,534.38,98,70,0x0000000000000000,3.12,26,396.3
415956,2835,14001,P0,59,426.85,96,38,0x0000000000000004,1.82,26,397.1
416622,2805,14001,P0,58,505.92,96,35,0x0000000000000004,1.04,26,397.1
417309,2812,14001,P0,60,568.45,97,34,0x0000000000000004,1.52,26,397.1
417973,2820,14001,P0,62,570.63,98,25,0x0000000000000004,1.15,26,397.1
418630,2827,14001,P0,59,569.26,97,30,0x0000000000000004,1.17,26,397.1
419333,2812,14001,P0,62,569.29,97,29,0x0000000000000004,1.18,26,397.1
419993,2827,14001,P0,62,567.50,97,28,0x0000000000000004,1.57,26,397.1
420645,2850,14001,P0,61,563.53,98,42,0x0000000000000004,2.77,26,397.1
421310,2902,14001,P0,55,495.03,99,69,0x0000000000000000,3.41,26,396.9
421975,2805,14001,P0,58,472.49,97,37,0x0000000000000004,0.94,26,396.9
422620,2805,14001,P0,62,551.28,97,34,0x0000000000000004,1.33,26,396.9
423276,2805,14001,P0,62,572.35,96,33,0x0000000000000004,1.32,26,396.9
423963,2812,14001,P0,62,570.95,98,24,0x0000000000000004,0.94,26,396.9
424619,2812,14001,P0,63,572.72,98,26,0x0000000000000004,1.39,26,396.9
425282,2820,14001,P0,64,571.63,97,30,0x0000000000000004,1.41,26,396.9
425971,2820,14001,P0,64,575.38,99,21,0x0000000000000004,2.29,26,396.9
426653,2902,14001,P0,57,527.53,99,72,0x0000000000000000,3.14,26,396.9
427328,2902,14001,P0,57,460.39,99,71,0x0000000000000000,2,26,396.9
427994,2797,14001,P0,63,515.21,98,35,0x0000000000000004,1.42,26,396.9
428658,2797,14001,P0,64,574.81,97,28,0x0000000000000004,1.29,26,396.9
429351,2797,14001,P0,61,572.48,97,32,0x0000000000000004,1.05,26,396.9
430039,2812,14001,P0,64,563.40,97,30,0x0000000000000004,0.9,26,396.9
430704,2805,14001,P0,64,570.30,97,30,0x0000000000000004,1.29,26,396.9
431381,2812,14001,P0,65,573.02,97,29,0x0000000000000004,1.42,26,396.9
432053,2842,14001,P0,59,567.34,98,41,0x0000000000000004,1.79,26,396.9
432708,2902,14001,P0,58,497.95,98,70,0x0000000000000000,2.28,26,396.9
433343,2902,14001,P0,58,427.33,99,69,0x0000000000000000,2.17,26,396.9
434019,2797,14001,P0,62,550.52,97,35,0x0000000000000004,1.18,26,396.9
434686,2797,14001,P0,63,574.41,97,33,0x0000000000000004,1.17,26,396.9
435338,2805,14001,P0,65,571.31,97,31,0x0000000000000004,1.45,26,396.9
436000,2812,14001,P0,65,573.66,98,22,0x0000000000000004,1.88,26,396.9
436678,2812,14001,P0,66,573.28,99,22,0x0000000000000004,1.45,26,396.9
437339,2812,14001,P0,65,573.79,99,21,0x0000000000000004,1.34,26,396.9
438022,2902,14001,P0,59,538.34,99,71,0x0000000000000000,2.13,26,396.9
438692,2902,14001,P0,59,469.27,99,70,0x0000000000000000,3.09,26,396.9
439361,2835,14001,P0,64,434.86,97,37,0x0000000000000004,1.32,26,396.9
440022,2797,14001,P0,66,569.61,96,33,0x0000000000000004,0.81,26,396.9
440691,2805,14001,P0,66,572.09,97,33,0x0000000000000004,1.04,26,396.9
441376,2805,14001,P0,65,571.12,98,27,0x0000000000000004,1.41,26,396.9
442039,2812,14001,P0,67,571.96,97,29,0x0000000000000004,1.28,26,396.9
442701,2812,14001,P0,67,571.51,97,29,0x0000000000000004,1.63,26,396.9
443339,2812,14001,P0,68,569.49,97,27,0x0000000000000004,1.22,26,399.6
443981,2782,14001,P0,66,553.49,97,33,0x0000000000000004,1.59,26,396.9
444663,2790,14001,P0,67,547.41,97,35,0x0000000000000004,1.88,26,396.9
445393,2790,14001,P0,67,573.80,97,34,0x0000000000000004,1.5,26,396.9
446167,2797,14001,P0,68,573.98,97,31,0x0000000000000004,1.07,26,396.9
446870,2805,14001,P0,68,571.24,97,30,0x0000000000000004,0.5,26,396.9
447520,2812,14001,P0,67,573.74,97,28,0x0000000000000004,1.26,26,396.9
448209,2812,14001,P0,67,574.23,98,27,0x0000000000000004,1.18,26,396.9
448870,2895,14001,P0,61,545.57,98,68,0x0000000000000000,2.81,26,396.9
449569,2857,14001,P0,63,428.31,98,53,0x0000000000000004,1.8,26,397.6
450212,2782,14001,P0,67,503.96,97,30,0x0000000000000004,1.57,26,397.6
450883,2790,14001,P0,67,565.64,98,30,0x0000000000000004,1.53,26,397.6
451575,2797,14001,P0,68,574.86,97,31,0x0000000000000004,1.29,26,397.6
452227,2805,14001,P0,67,575.69,98,24,0x0000000000000004,1.61,26,397.6
452911,2812,14001,P0,68,573.91,99,22,0x0000000000000004,1.05,26,397.6
453582,2812,14001,P0,65,565.45,99,20,0x0000000000000004,1.49,26,397.6
454238,2812,14001,P0,68,560.62,97,28,0x0000000000000004,1.69,26,397.6
454899,2902,14001,P0,61,454.00,99,70,0x0000000000000000,2.33,26,397.6
455565,2782,14001,P0,67,455.48,97,36,0x0000000000000004,1.89,26,397.6
456233,2790,14001,P0,67,528.28,96,35,0x0000000000000004,0.94,26,397.6
456900,2797,14001,P0,67,575.96,98,28,0x0000000000000004,1.17,26,397.6
457554,2805,14001,P0,68,571.37,91,30,0x0000000000000004,1.53,26,397.6
458237,2797,14001,P0,65,569.94,98,24,0x0000000000000004,2.11,26,397.6
458903,2805,14001,P0,68,577.60,99,21,0x0000000000000004,1.37,26,397.6
459567,2805,14001,P0,64,578.51,99,20,0x0000000000000004,0.83,26,397.6
460284,2842,14001,P0,62,564.37,98,68,0x0000000000000000,2.81,26,397.6
461007,2902,14001,P0,59,426.02,99,70,0x0000000000000000,1.97,26,397.6
461695,2910,14001,P0,55,300.82,4,0,0x0000000000000000,0,26,397.6
462406,2910,14001,P0,55,162.36,6,1,0x0000000000000000,0,26,397.6
463089,2257,14001,P0,53,116.89,7,1,0x0000000000000000,0,26,397.6
463752,1650,14001,P0,53,100.10,6,0,0x0000000000000000,0,26,397.6
464417,1470,14001,P0,52,84.05,5,0,0x0000000000000000,0,26,397.6
465075,1477,14001,P0,52,84.08,4,0,0x0000000000000000,0,26,397.6
465741,1440,14001,P0,52,83.89,5,0,0x0000000000000000,0,26,397.6
466391,1425,14001,P0,51,82.89,4,0,0x0000000000000000,0,26,397.6
467055,1432,14001,P0,51,82.12,5,0,0x0000000000000000,0,26,397.6
467732,1402,14001,P0,51,81.47,4,0,0x0000000000000000,0,26,397.6
468398,1440,14001,P0,50,81.97,5,0,0x0000000000000000,0,26,397.6
469048,1402,14001,P0,50,82.10,6,0,0x0000000000000000,0,26,397.6
469694,1402,14001,P0,50,82.06,5,0,0x0000000000000000,0,26,397.6
470358,1485,14001,P0,50,82.21,5,0,0x0000000000000000,0,26,397.6
471015,1342,14001,P0,50,81.31,4,0,0x0000000000000000,0,26,397.6
471693,1417,14001,P0,49,81.10,5,0,0x0000000000000000,0,26,397.6
472352,1507,14001,P0,49,80.46,5,0,0x0000000000000000,0,26,397.6
473006,1470,14001,P0,49,80.53,6,0,0x0000000000000000,0,26,397.6
473678,1440,14001,P0,49,80.37,5,0,0x0000000000000000,0,26,397.6
474346,1455,14001,P0,49,80.54,6,1,0x0000000000000000,0,26,397.6
475011,1357,14001,P0,48,80.40,5,0,0x0000000000000000,0,26,397.6
475648,1402,14001,P0,48,79.50,4,0,0x0000000000000000,0,26,397.6
476289,1410,14001,P0,48,79.54,6,0,0x0000000000000000,0,26,397.6
476936,1387,14001,P0,48,79.65,5,0,0x0000000000000000,0,26,397.6
477594,1597,14001,P0,47,80.08,8,1,0x0000000000000000,0,26,397.6
478269,1552,14001,P0,47,80.81,7,0,0x0000000000000000,0,26,397.6
478994,1575,14001,P0,47,84.11,10,1,0x0000000000000000,0,26,397.6
479771,1657,14001,P0,47,84.80,6,0,0x0000000000000000,0,26,397.6
480419,1552,14001,P0,47,82.30,6,1,0x0000000000000000,0,26,397.6
481084,1425,14001,P0,47,80.27,4,0,0x0000000000000000,0,26,397.6
481757,1695,14001,P0,47,80.53,8,1,0x0000000000000000,0,26,397.6
482437,1522,14001,P0,46,80.81,5,0,0x0000000000000000,0,26,397.6
483101,1485,14001,P0,46,79.29,5,0,0x0000000000000000,0,26,397.6
483767,1552,14001,P0,46,79.72,6,0,0x0000000000000000,0,26,397.6
484431,1702,14001,P0,46,81.88,6,0,0x0000000000000000,0,26,397.6
485092,1455,14001,P0,46,82.11,4,0,0x0000000000000000,0,26,397.6
485872,1492,14001,P0,46,78.36,5,0,0x0000000000000000,0,26,397.6
486532,1507,14001,P0,45,78.53,5,0,0x0000000000000000,0,26,397.6
487178,1395,14001,P0,45,78.77,5,0,0x0000000000000000,0,26,397.6
487882,1410,14001,P0,45,77.46,5,0,0x0000000000000000,0,26,397.6
488533,1395,14001,P0,45,77.67,5,0,0x0000000000000000,0,26,397.6
489191,1492,14001,P0,45,78.15,5,0,0x0000000000000000,0,26,397.6
489860,1387,14001,P0,45,77.87,5,0,0x0000000000000000,0,26,397.6
490527,1365,14001,P0,45,77.36,5,0,0x0000000000000000,0,26,397.6
491191,1455,14001,P0,45,77.34,6,1,0x0000000000000000,0,26,397.6
491850,1425,14001,P0,45,77.52,5,1,0x0000000000000000,0,26,397.6
492517,1387,14001,P0,44,77.64,5,0,0x0000000000000000,0,26,397.6
493183,1440,14001,P0,44,77.26,5,0,0x0000000000000000,0,26,397.6
493901,1410,14001,P0,44,77.30,6,0,0x0000000000000000,0,26,397.6
494541,1462,14001,P0,44,77.30,5,0,0x0000000000000000,0,26,397.6
495187,1425,14001,P0,44,77.42,6,0,0x0000000000000000,0,26,397.6
495850,1477,14001,P0,44,77.90,5,0,0x0000000000000000,0,26,397.6
496572,1560,14001,P0,44,78.51,6,0,0x0000000000000000,0,26,397.6
497217,1290,14001,P0,44,77.54,3,0,0x0000000000000000,0,26,397.6
497874,1417,14001,P0,44,76.15,6,1,0x0000000000000000,0,26,397.6
498518,1380,14001,P0,44,75.46,5,0,0x0000000000000000,0,26,397.6
499178,1342,14001,P0,43,75.66,4,0,0x0000000000000000,0,26,397.6
499831,1357,14001,P0,43,75.45,5,0,0x0000000000000000,0,26,397.6
500526,1312,14001,P0,43,75.75,5,0,0x0000000000000000,0,26,397.6
501272,1425,14001,P0,43,76.02,5,0,0x0000000000000000,0,26,397.6
501963,1380,14001,P0,43,75.41,5,0,0x0000000000000000,0,26,397.6
502651,1402,14001,P0,43,75.66,4,0,0x0000000000000000,0,26,397.6
503329,1395,14001,P0,43,76.74,6,0,0x0000000000000000,0,26,397.6
504227,1350,14001,P0,43,76.01,5,0,0x0000000000000000,0,26,397.6
504902,1350,14001,P0,43,75.91,5,0,0x0000000000000000,0,26,397.6
505569,1395,14001,P0,43,76.45,4,0,0x0000000000000000,0,26,397.6
506219,1410,14001,P0,43,76.17,5,0,0x0000000000000000,0,26,397.6
506901,1462,14001,P0,43,75.59,5,0,0x0000000000000000,0,26,397.6
507574,1447,14001,P0,42,75.63,5,0,0x0000000000000000,0,26,397.6
508230,1342,14001,P0,42,75.07,5,0,0x0000000000000000,0,26,397.6
508922,1410,14001,P0,42,75.42,5,0,0x0000000000000000,0,26,397.6
509608,1440,14001,P0,42,75.90,5,0,0x0000000000000000,0,26,397.6
510247,1335,14001,P0,42,75.69,4,0,0x0000000000000000,0,26,397.6
510900,1447,14001,P0,42,75.82,7,1,0x0000000000000000,0,26,397.6
511574,1350,14001,P0,42,75.57,4,0,0x0000000000000000,0,26,397.6
512238,1417,14001,P0,42,75.83,5,0,0x0000000000000000,0,26,397.6
512941,1417,14001,P0,42,75.72,4,0,0x0000000000000000,0,26,397.6
513607,1357,14001,P0,42,75.50,5,0,0x0000000000000000,0,26,397.6
514251,1395,14001,P0,42,75.11,4,0,0x0000000000000000,0,26,397.6
514901,1365,14001,P0,42,74.84,5,0,0x0000000000000000,0,26,397.6
515573,1462,14001,P0,42,75.04,4,0,0x0000000000000000,0,26,397.6
516234,1402,14001,P0,42,75.55,6,0,0x0000000000000000,0,26,397.6
516924,1327,14001,P0,42,75.42,4,0,0x0000000000000000,0,26,397.6
517564,1522,14001,P0,42,74.62,6,0,0x0000000000000000,0,26,397.6
518211,1297,14001,P0,41,75.26,4,0,0x0000000000000000,0,26,397.6
518859,1410,14001,P0,41,75.17,4,0,0x0000000000000000,0,26,397.6
519506,1432,14001,P0,41,74.83,4,0,0x0000000000000000,0,26,397.6
520186,1342,14001,P0,41,75.22,5,0,0x0000000000000000,0,26,397.6
520840,1425,14001,P0,41,75.28,4,0,0x0000000000000000,0,26,397.6
521500,1372,14001,P0,41,74.64,4,0,0x0000000000000000,0,26,397.6
522163,1350,14001,P0,41,75.00,5,0,0x0000000000000000,0,26,397.6
522830,1440,14001,P0,41,75.00,5,0,0x0000000000000000,0,26,397.6
523484,1432,14001,P0,41,74.63,5,0,0x0000000000000000,0,26,397.6
524130,1327,14001,P0,41,75.45,5,0,0x0000000000000000,0,26,397.6
524790,1410,14001,P0,41,75.62,5,0,0x0000000000000000,0,26,397.6
525453,1372,14001,P0,41,73.96,6,0,0x0000000000000000,0,26,397.6
526128,1342,14001,P0,41,74.37,5,0,0x0000000000000000,0,26,397.6
526792,1432,14001,P0,41,75.12,5,0,0x0000000000000000,0,26,397.6
527459,1440,14001,P0,41,75.24,5,0,0x0000000000000000,0,26,397.6
528124,1380,14001,P0,41,75.33,5,0,0x0000000000000000,0,26,397.6
528764,1455,14001,P0,41,75.74,5,0,0x0000000000000000,0,26,397.6
529447,1432,14001,P0,41,75.11,5,0,0x0000000000000000,0,26,397.6
530101,1425,14001,P0,41,76.34,5,0,0x0000000000000000,0,26,397.6
530765,1425,14001,P0,41,75.98,4,0,0x0000000000000000,0,26,397.6
531433,1507,14001,P0,41,76.85,5,0,0x0000000000000000,0,26,397.6
532096,1402,14001,P0,41,75.54,5,0,0x0000000000000000,0,26,397.6
532745,1357,14001,P0,41,74.85,5,0,0x0000000000000000,0,26,397.6
533384,1395,14001,P0,40,75.12,5,0,0x0000000000000000,0,26,397.6
534059,1365,14001,P0,40,74.45,5,0,0x0000000000000000,0,26,397.6
534708,1522,14001,P0,41,75.74,5,0,0x0000000000000000,0,26,397.6
535358,1365,14001,P0,40,75.85,5,0,0x0000000000000000,0,26,397.6
536014,1305,14001,P0,40,74.30,3,0,0x0000000000000000,0,26,397.6
536656,1380,14001,P0,40,74.05,5,0,0x0000000000000000,0,26,397.6
537331,1342,14001,P0,40,74.79,5,0,0x0000000000000000,0,26,397.6
538041,1455,14001,P0,40,75.83,6,0,0x0000000000000000,0,26,397.6
538748,1500,14001,P0,40,76.19,5,0,0x0000000000000000,0,26,397.6
539392,1507,14001,P0,40,75.69,5,0,0x0000000000000000,0,26,397.6
540243,1545,14001,P0,40,75.93,5,0,0x0000000000000000,0,26,397.6
540896,1440,14001,P0,40,75.19,5,1,0x0000000000000000,0,26,397.6
541551,1447,14001,P0,40,75.36,4,0,0x0000000000000000,0,26,397.6
542190,1417,14001,P0,40,75.33,5,0,0x0000000000000000,0,26,397.6
542871,1440,14001,P0,40,76.01,4,0,0x0000000000000000,0,26,397.6
543538,1462,14001,P0,40,75.37,6,0,0x0000000000000000,0,26,397.6
544206,1455,14001,P0,40,75.67,5,0,0x0000000000000000,0,26,397.6
