ts,metrics_code,metrics_s,uimetrics_code,uimetrics_s,models_code,models_s
02:31:33,200,0.000919,200,0.001001,200,0.000967
02:31:34,200,0.001000,200,0.000937,200,0.000894
02:31:36,200,0.000896,200,0.000908,200,0.000908
02:31:37,200,0.000923,200,0.000912,200,0.000879
02:31:38,200,0.000946,200,0.000909,200,0.000890
02:31:39,200,0.001002,200,0.001001,200,0.000967
02:31:40,200,0.000994,200,0.000933,200,0.000874
02:31:41,200,0.000960,200,0.000983,200,0.001031
02:31:43,200,0.001120,200,0.000978,200,0.000989
02:31:44,200,0.000929,200,0.000924,200,0.000944
02:31:45,200,0.000996,200,0.001039,200,0.019793
02:31:46,200,0.001001,200,0.000969,200,0.000869
02:31:47,200,0.001052,200,0.001111,200,0.001040
02:31:49,200,0.001009,200,0.001031,200,0.000881
02:31:50,200,0.000943,200,0.000915,200,0.000951
02:31:51,200,0.000926,200,0.001113,200,0.001012
02:31:52,200,0.001036,200,0.000968,200,0.000916
02:31:53,200,0.001021,200,0.000917,200,0.001025
02:31:55,200,0.000838,200,0.000890,200,0.000959
02:31:56,200,0.000949,200,0.000940,200,0.000942
02:31:57,200,0.000937,200,0.000981,200,0.000907
02:31:58,200,0.001265,200,0.000945,200,0.001017
02:31:59,200,0.001021,200,0.000987,200,0.001011
02:32:01,200,0.000982,200,0.001055,200,0.001019
02:32:02,200,0.000898,200,0.000941,200,0.000972
02:32:03,200,0.000965,200,0.000942,200,0.000901
02:32:04,200,0.001145,200,0.001053,200,0.000936
02:32:05,200,0.001050,200,0.000966,200,0.022365
02:32:07,200,0.001202,200,0.000959,200,0.023154
02:32:08,200,0.013475,200,0.001025,200,0.000990
02:32:09,200,0.014314,200,0.000931,200,0.001031
02:32:10,200,0.000881,200,0.001012,200,0.000912
02:32:11,200,0.000979,200,0.000992,200,0.000895
02:32:13,200,0.000944,200,0.000924,200,0.000912
02:32:14,200,0.000911,200,0.000947,200,0.001040
02:32:15,200,0.001042,200,0.019950,200,0.001347
02:32:16,200,0.000936,200,0.000889,200,0.000958
02:32:17,200,0.001011,200,0.000992,200,0.001058
02:32:19,200,0.000984,200,0.000937,200,0.000979
02:32:20,200,0.000951,200,0.000897,200,0.000905
02:32:21,200,0.000996,200,0.000956,200,0.000960
02:32:22,200,0.001067,200,0.000918,200,0.000924
02:32:23,200,0.000939,200,0.000977,200,0.000942
02:32:25,200,0.000935,200,0.001000,200,0.000922
02:32:26,200,0.000969,200,0.000997,200,0.000904
02:32:27,200,0.000971,200,0.000924,200,0.000908
02:32:28,200,0.001016,200,0.021100,200,0.000955
02:32:29,200,0.000946,200,0.000943,200,0.000968
02:32:31,200,0.001037,200,0.001010,200,0.000944
02:32:32,200,0.013172,200,0.000959,200,0.000979
02:32:33,200,0.000945,200,0.001310,200,0.001021
02:32:34,200,0.000965,200,0.000951,200,0.000940
02:32:35,200,0.000956,200,0.000979,200,0.024454
02:32:37,200,0.000922,200,0.000906,200,0.000921
02:32:38,200,0.000994,200,0.000922,200,0.000996
02:32:39,200,0.001018,200,0.001064,200,0.000869
02:32:40,200,0.000940,200,0.000950,200,0.022402
02:32:41,200,0.001008,200,0.000947,200,0.000885
02:32:43,200,0.001111,200,0.001052,200,0.000946
02:32:44,200,0.000953,200,0.000994,200,0.000967
02:32:45,200,0.000960,200,0.001052,200,0.001108
02:32:46,200,0.001149,200,0.001040,200,0.001013
02:32:47,200,0.001010,200,0.000952,200,0.001009
02:32:49,200,0.001033,200,0.001102,200,0.000943
02:32:50,200,0.000983,200,0.001100,200,0.000971
02:32:51,200,0.001121,200,0.001004,200,0.001030
02:32:52,200,0.001038,200,0.011849,200,0.001076
02:32:53,200,0.001029,200,0.001014,200,0.000902
02:32:55,200,0.001058,200,0.001028,200,0.000915
02:32:56,200,0.001188,200,0.001011,200,0.000956
02:32:57,200,0.001191,200,0.001050,200,0.000958
02:32:58,200,0.000946,200,0.000965,200,0.000988
02:33:00,200,0.001048,200,0.000945,200,0.001135
02:33:01,200,0.001134,200,0.001190,200,0.001370
02:33:02,200,0.000973,200,0.001083,200,0.000978
02:33:03,200,0.011977,200,0.000925,200,0.000902
02:33:04,200,0.000954,200,0.001050,200,0.001088
02:33:06,200,0.000974,200,0.000999,200,0.000984
02:33:07,200,0.001206,200,0.001214,200,0.001001
02:33:08,200,0.001283,200,0.001010,200,0.000988
02:33:09,200,0.001219,200,0.001197,200,0.000946
02:33:10,200,0.001017,200,0.001244,200,0.001017
02:33:12,200,0.001065,200,0.000998,200,0.000916
02:33:13,200,0.001315,200,0.013926,200,0.000952
02:33:14,200,0.001004,200,0.001000,200,0.000937
02:33:15,200,0.001089,200,0.001125,200,0.001014
02:33:16,200,0.001108,200,0.001162,200,0.001106
02:33:18,200,0.000998,200,0.001201,200,0.000953
02:33:19,200,0.000942,200,0.000912,200,0.000950
02:33:20,200,0.000990,200,0.001045,200,0.000973
02:33:21,200,0.001115,200,0.000995,200,0.001072
02:33:22,200,0.001212,200,0.001090,200,0.000870
02:33:24,200,0.001010,200,0.001104,200,0.000962
02:33:25,200,0.001012,200,0.001099,200,0.001085
02:33:26,200,0.000982,200,0.001080,200,0.000964
02:33:27,200,0.000965,200,0.000905,200,0.000893
02:33:28,200,0.001075,200,0.001216,200,0.001270
02:33:30,200,0.001358,200,0.000981,200,0.001039
02:33:31,200,0.001052,200,0.001035,200,0.000953
02:33:32,200,0.001025,200,0.001270,200,0.001224
02:33:33,200,0.000981,200,0.001006,200,0.000893
02:33:34,200,0.000983,200,0.000989,200,0.001004
02:33:36,200,0.000945,200,0.001374,200,0.001080
02:33:37,200,0.001229,200,0.000931,200,0.000920
02:33:38,200,0.001236,200,0.013256,200,0.000917
02:33:39,200,0.000916,200,0.001110,200,0.001028
02:33:40,200,0.001304,200,0.001114,200,0.001126
02:33:42,200,0.001037,200,0.000956,200,0.000968
02:33:43,200,0.001015,200,0.001092,200,0.000991
02:33:44,200,0.001000,200,0.000928,200,0.001004
02:33:45,200,0.001098,200,0.000955,200,0.000999
02:33:46,200,0.001048,200,0.001010,200,0.001039
02:33:48,200,0.001076,200,0.001059,200,0.001183
02:33:49,200,0.001121,200,0.001085,200,0.000896
02:33:50,200,0.000951,200,0.000935,200,0.000995
02:33:51,200,0.001215,200,0.022310,200,0.001096
02:33:53,200,0.000985,200,0.000939,200,0.000947
02:33:54,200,0.001021,200,0.000984,200,0.001006
02:33:55,200,0.001037,200,0.000992,200,0.000937
02:33:56,200,0.011838,200,0.019111,200,0.001086
02:33:57,200,0.000969,200,0.001013,200,0.000921
02:33:59,200,0.000985,200,0.000962,200,0.001021
02:34:00,200,0.001152,200,0.001056,200,0.000957
02:34:01,200,0.000973,200,0.000920,200,0.001077
02:34:02,200,0.001181,200,0.001071,200,0.001090
02:34:03,200,0.001055,200,0.000934,200,0.000964
02:34:05,200,0.000925,200,0.000884,200,0.001008
02:34:06,200,0.000985,200,0.000992,200,0.001009
02:34:07,200,0.001084,200,0.000982,200,0.000981
02:34:08,200,0.001083,200,0.001012,200,0.001077
02:34:09,200,0.001128,200,0.001213,200,0.013426
02:34:11,200,0.001231,200,0.000954,200,0.000894
02:34:12,200,0.000980,200,0.000925,200,0.000944
02:34:13,200,0.001076,200,0.001091,200,0.000970
02:34:14,200,0.001315,200,0.000978,200,0.001058
02:34:15,200,0.001108,200,0.001056,200,0.000990
02:34:17,200,0.001058,200,0.000975,200,0.000885
02:34:18,200,0.001021,200,0.000920,200,0.000953
02:34:19,200,0.001106,200,0.001266,200,0.001089
02:34:20,200,0.000992,200,0.000962,200,0.000914
02:34:21,200,0.001137,200,0.001148,200,0.000961
02:34:23,200,0.001019,200,0.001095,200,0.000905
02:34:24,200,0.000966,200,0.001014,200,0.000992
02:34:25,200,0.001024,200,0.000994,200,0.001305
02:34:26,200,0.000990,200,0.000993,200,0.000977
02:34:27,200,0.001110,200,0.001194,200,0.001691
02:34:29,200,0.001029,200,0.001017,200,0.001129
02:34:30,200,0.001008,200,0.000967,200,0.000942
02:34:31,200,0.001064,200,0.001144,200,0.001412
02:34:32,200,0.001013,200,0.000994,200,0.000928
02:34:34,200,0.001180,200,0.001408,200,0.001071
02:34:35,200,0.001153,200,0.001147,200,0.000974
02:34:36,200,0.001070,200,0.001064,200,0.001214
02:34:37,200,0.001096,200,0.001320,200,0.000978
02:34:38,200,0.000970,200,0.000975,200,0.001009
02:34:40,200,0.001205,200,0.001011,200,0.001031
02:34:41,200,0.001127,200,0.001117,200,0.001240
02:34:42,200,0.000996,200,0.001088,200,0.001045
02:34:43,200,0.001217,200,0.001093,200,0.000974
02:34:44,200,0.021916,200,0.001078,200,0.000980
02:34:46,200,0.000999,200,0.001036,200,0.001048
02:34:47,200,0.000950,200,0.000978,200,0.000940
02:34:48,200,0.000976,200,0.001188,200,0.001113
02:34:49,200,0.001108,200,0.000982,200,0.000939
02:34:50,200,0.001002,200,0.000969,200,0.000906
02:34:52,200,0.001005,200,0.000985,200,0.000960
02:34:53,200,0.001098,200,0.000916,200,0.000955
02:34:54,200,0.001050,200,0.001154,200,0.001067
02:34:55,200,0.000995,200,0.001091,200,0.001067
02:34:57,200,0.000977,200,0.001063,200,0.001109
02:34:58,200,0.000986,200,0.000939,200,0.001014
02:34:59,200,0.001195,200,0.000999,200,0.000926
02:35:00,200,0.001087,200,0.001261,200,0.001121
02:35:01,200,0.001021,200,0.001082,200,0.002275
02:35:03,200,0.000995,200,0.001191,200,0.001230
02:35:04,200,0.000982,200,0.001190,200,0.000919
02:35:05,200,0.000937,200,0.001051,200,0.001497
02:35:06,200,0.000978,200,0.001166,200,0.000946
02:35:08,200,0.001077,200,0.001349,200,0.001025
02:35:09,200,0.000928,200,0.001079,200,0.001075
02:35:10,200,0.000921,200,0.000962,200,0.001166
02:35:11,200,0.021544,200,0.001302,200,0.001036
02:35:12,200,0.001046,200,0.001048,200,0.000943
02:35:14,200,0.001138,200,0.000990,200,0.001149
02:35:15,200,0.001016,200,0.001066,200,0.001111
02:35:16,200,0.001140,200,0.001037,200,0.001731
02:35:17,200,0.001265,200,0.022385,200,0.001111
02:35:19,200,0.001041,200,0.001038,200,0.000959
02:35:20,200,0.001183,200,0.001067,200,0.001001
02:35:21,200,0.000983,200,0.001055,200,0.000998
02:35:22,200,0.001036,200,0.001459,200,0.016791
02:35:23,200,0.001103,200,0.001019,200,0.000970
02:35:25,200,0.000973,200,0.001215,200,0.001496
02:35:26,200,0.001089,200,0.001047,200,0.000900
02:35:27,200,0.000950,200,0.001116,200,0.001233
02:35:28,200,0.001199,200,0.001022,200,0.000913
02:35:29,200,0.001016,200,0.001057,200,0.000914
02:35:31,200,0.001231,200,0.000969,200,0.001010
02:35:32,200,0.001111,200,0.000956,200,0.000984
02:35:33,200,0.001416,200,0.001045,200,0.001182
02:35:34,200,0.001035,200,0.000978,200,0.000980
02:35:35,200,0.000951,200,0.001171,200,0.001000
02:35:37,200,0.000970,200,0.001074,200,0.001029
02:35:38,200,0.001106,200,0.000978,200,0.000979
02:35:39,200,0.001050,200,0.001267,200,0.001317
02:35:40,200,0.001118,200,0.001004,200,0.000960
02:35:42,200,0.000980,200,0.001084,200,0.001006
02:35:43,200,0.001054,200,0.000981,200,0.000899
02:35:44,200,0.001259,200,0.001100,200,0.001284
02:35:45,200,0.001180,200,0.001185,200,0.001081
02:35:46,200,0.011442,200,0.001065,200,0.000935
02:35:48,200,0.000975,200,0.001123,200,0.001101
02:35:49,200,0.000969,200,0.001016,200,0.001073
02:35:50,200,0.001035,200,0.001025,200,0.001000
02:35:51,200,0.001055,200,0.001369,200,0.001260
02:35:52,200,0.001053,200,0.001061,200,0.001077
02:35:54,200,0.000935,200,0.001052,200,0.001035
02:35:55,200,0.001038,200,0.001208,200,0.000974
02:35:56,200,0.000980,200,0.001060,200,0.001006
02:35:57,200,0.001008,200,0.001085,200,0.001108
02:35:58,200,0.001055,200,0.001116,200,0.017256
02:36:00,200,0.001056,200,0.001053,200,0.001007
02:36:01,200,0.001020,200,0.001098,200,0.000938
02:36:02,200,0.000945,200,0.001113,200,0.000960
02:36:03,200,0.001268,200,0.001059,200,0.000941
02:36:04,200,0.000946,200,0.014328,200,0.001525
02:36:06,200,0.001012,200,0.000994,200,0.000971
02:36:07,200,0.001011,200,0.001129,200,0.000948
02:36:08,200,0.001082,200,0.001200,200,0.000958
02:36:09,200,0.001111,200,0.001096,200,0.001009
02:36:10,200,0.001161,200,0.001194,200,0.001103
02:36:12,200,0.001113,200,0.001021,200,0.000997
02:36:13,200,0.001059,200,0.001078,200,0.001027
02:36:14,200,0.001041,200,0.001020,200,0.001004
02:36:15,200,0.001178,200,0.000984,200,0.000963
02:36:16,200,0.001043,200,0.001178,200,0.001604
02:36:18,200,0.001000,200,0.001282,200,0.001055
02:36:19,200,0.000956,200,0.001014,200,0.000962
02:36:20,200,0.000942,200,0.001310,200,0.001112
02:36:21,200,0.000958,200,0.000881,200,0.001056
02:36:23,200,0.001064,200,0.001123,200,0.014377
02:36:24,200,0.001015,200,0.001165,200,0.001135
02:36:25,200,0.001026,200,0.001151,200,0.001032
02:36:26,200,0.000997,200,0.001109,200,0.013092
02:36:27,200,0.001076,200,0.001020,200,0.001310
02:36:29,200,0.000932,200,0.001136,200,0.000894
02:36:30,200,0.000997,200,0.000908,200,0.000979
02:36:31,200,0.001144,200,0.000934,200,0.001058
02:36:32,200,0.001011,200,0.001203,200,0.001011
02:36:33,200,0.001024,200,0.001120,200,0.000876
02:36:35,200,0.000977,200,0.001008,200,0.000889
02:36:36,200,0.000954,200,0.001101,200,0.000989
02:36:37,200,0.000993,200,0.000990,200,0.000938
02:36:38,200,0.001486,200,0.001072,200,0.001084
02:36:39,200,0.001472,200,0.001253,200,0.001428
02:36:41,200,0.001057,200,0.001046,200,0.001356
02:36:42,200,0.001024,200,0.001034,200,0.001627
02:36:43,200,0.001014,200,0.001083,200,0.001015
02:36:44,200,0.000947,200,0.001125,200,0.000986
02:36:45,200,0.001063,200,0.000946,200,0.001245
02:36:47,200,0.001011,200,0.001207,200,0.000887
02:36:48,200,0.000945,200,0.000920,200,0.000991
02:36:49,200,0.001039,200,0.001060,200,0.001027
02:36:50,200,0.001069,200,0.001020,200,0.000962
02:36:52,200,0.001131,200,0.001054,200,0.001041
02:36:53,200,0.001102,200,0.001017,200,0.001108
02:36:54,200,0.001057,200,0.001255,200,0.000944
02:36:55,200,0.001025,200,0.001092,200,0.001180
02:36:56,200,0.001092,200,0.000975,200,0.001038
02:36:58,200,0.001094,200,0.001232,200,0.001206
02:36:59,200,0.001225,200,0.000980,200,0.000948
02:37:00,200,0.001006,200,0.000994,200,0.001224
02:37:01,200,0.000937,200,0.001022,200,0.001267
02:37:02,200,0.001104,200,0.000898,200,0.001058
02:37:04,200,0.001009,200,0.001030,200,0.001097
02:37:05,200,0.001088,200,0.001146,200,0.000976
02:37:06,200,0.000994,200,0.001142,200,0.000943
02:37:07,200,0.001197,200,0.001103,200,0.000908
02:37:09,200,0.001146,200,0.001148,200,0.001084
02:37:10,200,0.001075,200,0.001267,200,0.001051
02:37:11,200,0.001056,200,0.001133,200,0.000996
02:37:12,200,0.000986,200,0.000958,200,0.000993
02:37:13,200,0.000941,200,0.001039,200,0.001020
02:37:15,200,0.001023,200,0.001195,200,0.000985
02:37:16,200,0.001020,200,0.001096,200,0.000893
02:37:17,200,0.001075,200,0.000990,200,0.000896
02:37:18,200,0.001219,200,0.001093,200,0.000977
02:37:19,200,0.001064,200,0.001148,200,0.001234
02:37:21,200,0.001005,200,0.001288,200,0.001158
02:37:22,200,0.001064,200,0.001189,200,0.000924
02:37:23,200,0.001035,200,0.001147,200,0.000987
02:37:24,200,0.000889,200,0.001210,200,0.018542
02:37:25,200,0.001026,200,0.000996,200,0.001006
02:37:27,200,0.000938,200,0.001525,200,0.000957
02:37:28,200,0.000979,200,0.001071,200,0.000898
02:37:29,200,0.001008,200,0.001180,200,0.001058
02:37:30,200,0.000909,200,0.000952,200,0.000948
02:37:31,200,0.001053,200,0.001010,200,0.000897
02:37:33,200,0.000925,200,0.001068,200,0.001069
02:37:34,200,0.000921,200,0.000970,200,0.000913
02:37:35,200,0.001186,200,0.001344,200,0.001048
02:37:36,200,0.000982,200,0.001115,200,0.000961
02:37:38,200,0.001104,200,0.001046,200,0.001015
02:37:39,200,0.000961,200,0.000963,200,0.000949
02:37:40,200,0.000951,200,0.000975,200,0.000899
02:37:41,200,0.000994,200,0.001231,200,0.000977
02:37:42,200,0.000976,200,0.000895,200,0.000892
02:37:44,200,0.010284,200,0.000975,200,0.000930
02:37:45,200,0.000926,200,0.000912,200,0.000924
02:37:46,200,0.016370,200,0.000889,200,0.000997
02:37:47,200,0.001460,200,0.001008,200,0.001059
02:37:48,200,0.000838,200,0.000955,200,0.000881
02:37:50,200,0.001164,200,0.000956,200,0.000925
02:37:51,200,0.000985,200,0.000911,200,0.000904
02:37:52,200,0.000921,200,0.000934,200,0.000944
02:37:53,200,0.001055,200,0.001088,200,0.001098
02:37:54,200,0.000987,200,0.000923,200,0.000869
02:37:55,200,0.000890,200,0.000957,200,0.000950
02:37:57,200,0.000927,200,0.001053,200,0.000915
02:37:58,200,0.000964,200,0.000869,200,0.000892
02:37:59,200,0.000919,200,0.000939,200,0.001027
02:38:00,200,0.000991,200,0.000936,200,0.000879
02:38:01,200,0.001040,200,0.000995,200,0.000874
02:38:03,200,0.000951,200,0.000988,200,0.000971
02:38:04,200,0.000953,200,0.000911,200,0.000945
02:38:05,200,0.000955,200,0.000974,200,0.000953
02:38:06,200,0.001044,200,0.000981,200,0.000884
02:38:07,200,0.000935,200,0.001002,200,0.000959
02:38:09,200,0.000962,200,0.000911,200,0.000896
02:38:10,200,0.000904,200,0.000941,200,0.001054
02:38:11,200,0.001047,200,0.000855,200,0.000930
02:38:12,200,0.000996,200,0.000949,200,0.001016
02:38:13,200,0.000953,200,0.000910,200,0.000991
02:38:15,200,0.001014,200,0.000884,200,0.000859
02:38:16,200,0.000958,200,0.000888,200,0.000909
02:38:17,200,0.000888,200,0.001003,200,0.000926
02:38:18,200,0.001201,200,0.001005,200,0.001152
02:38:19,200,0.001028,200,0.000890,200,0.000931
02:38:21,200,0.001158,200,0.000938,200,0.000920
02:38:22,200,0.000897,200,0.001004,200,0.000950
02:38:23,200,0.000910,200,0.000941,200,0.000895
02:38:24,200,0.000951,200,0.001054,200,0.000994
02:38:25,200,0.000919,200,0.000932,200,0.000858
02:38:26,200,0.000865,200,0.000974,200,0.000952
02:38:28,200,0.000918,200,0.000893,200,0.000869
02:38:29,200,0.000977,200,0.000935,200,0.000938
02:38:30,200,0.000911,200,0.000959,200,0.001057
02:38:31,200,0.001131,200,0.000974,200,0.000954
02:38:32,200,0.000913,200,0.000951,200,0.001043
02:38:34,200,0.001015,200,0.000937,200,0.000852
02:38:35,200,0.000962,200,0.000939,200,0.000893
02:38:36,200,0.000907,200,0.001003,200,0.001136
02:38:37,200,0.000919,200,0.000954,200,0.000954
02:38:38,200,0.000966,200,0.000985,200,0.000985
02:38:40,200,0.001098,200,0.021687,200,0.000943
02:38:41,200,0.000896,200,0.000848,200,0.000877
02:38:42,200,0.000927,200,0.000950,200,0.000889
02:38:43,200,0.001216,200,0.001036,200,0.000927
02:38:44,200,0.000958,200,0.000947,200,0.000956
02:38:46,200,0.000975,200,0.000904,200,0.000933
02:38:47,200,0.000977,200,0.001003,200,0.001017
02:38:48,200,0.000940,200,0.000990,200,0.000881
02:38:49,200,0.000979,200,0.000991,200,0.000933
02:38:50,200,0.000890,200,0.000942,200,0.000955
02:38:52,200,0.000875,200,0.000934,200,0.000885
02:38:53,200,0.001022,200,0.000935,200,0.000980
02:38:54,200,0.001030,200,0.000959,200,0.000938
02:38:55,200,0.000905,200,0.000964,200,0.001027
02:38:56,200,0.000969,200,0.000962,200,0.000973
02:38:57,200,0.000883,200,0.000975,200,0.000979
02:38:59,200,0.000977,200,0.000911,200,0.001007
02:39:00,200,0.000883,200,0.000986,200,0.000974
02:39:01,200,0.000895,200,0.000963,200,0.000978
02:39:02,200,0.012415,200,0.000929,200,0.001038
02:39:03,200,0.001053,200,0.000948,200,0.000882
02:39:05,200,0.000993,200,0.001113,200,0.001008
02:39:06,200,0.001062,200,0.000868,200,0.000965
02:39:07,200,0.001034,200,0.000913,200,0.000929
02:39:08,200,0.001056,200,0.001168,200,0.000858
02:39:09,200,0.000903,200,0.022063,200,0.000946
02:39:11,200,0.016274,200,0.000965,200,0.000949
02:39:12,200,0.000949,200,0.000914,200,0.000903
02:39:13,200,0.000923,200,0.022925,200,0.000940
02:39:14,200,0.000985,200,0.000956,200,0.000967
02:39:15,200,0.001285,200,0.000971,200,0.000927
02:39:17,200,0.000882,200,0.000957,200,0.000888
02:39:18,200,0.000887,200,0.000952,200,0.001006
02:39:19,200,0.000901,200,0.000915,200,0.000909
02:39:20,200,0.000961,200,0.000955,200,0.000986
02:39:21,200,0.000953,200,0.000886,200,0.000892
02:39:23,200,0.000997,200,0.000952,200,0.000967
02:39:24,200,0.000937,200,0.000949,200,0.000903
02:39:25,200,0.001158,200,0.000912,200,0.000978
02:39:26,200,0.001178,200,0.001059,200,0.000906
02:39:27,200,0.000914,200,0.000924,200,0.000994
02:39:29,200,0.000971,200,0.001049,200,0.000916
02:39:30,200,0.001058,200,0.000948,200,0.000955
02:39:31,200,0.000935,200,0.000942,200,0.000926
02:39:32,200,0.001311,200,0.000984,200,0.000928
02:39:33,200,0.000863,200,0.000920,200,0.000897
02:39:35,200,0.000905,200,0.000944,200,0.001032
02:39:36,200,0.000938,200,0.000995,200,0.014496
02:39:37,200,0.000944,200,0.000990,200,0.001179
02:39:38,200,0.001257,200,0.001140,200,0.001088
02:39:39,200,0.000993,200,0.000945,200,0.000959
02:39:40,200,0.000899,200,0.020912,200,0.000953
02:39:42,200,0.000996,200,0.000906,200,0.000901
02:39:43,200,0.000972,200,0.000929,200,0.000916
02:39:44,200,0.001065,200,0.000950,200,0.000926
02:39:45,200,0.001051,200,0.000952,200,0.000894
02:39:46,200,0.000968,200,0.019532,200,0.000858
02:39:48,200,0.001091,200,0.000968,200,0.013524
02:39:49,200,0.001164,200,0.000911,200,0.000906
02:39:50,200,0.001012,200,0.000888,200,0.000925
02:39:51,200,0.000970,200,0.000843,200,0.000984
02:39:52,200,0.016349,200,0.000951,200,0.000962
02:39:54,200,0.001008,200,0.000936,200,0.000916
02:39:55,200,0.000900,200,0.000891,200,0.000885
02:39:56,200,0.000909,200,0.000942,200,0.000962
02:39:57,200,0.001062,200,0.000897,200,0.000914
02:39:58,200,0.000856,200,0.000970,200,0.000965
02:40:00,200,0.001104,200,0.000921,200,0.000940
02:40:01,200,0.001005,200,0.001036,200,0.001111
02:40:02,200,0.016922,200,0.000917,200,0.001014
02:40:03,200,0.001059,200,0.000914,200,0.000966
02:40:04,200,0.000899,200,0.000933,200,0.001021
02:40:06,200,0.001018,200,0.000969,200,0.015336
02:40:07,200,0.000915,200,0.000972,200,0.001082
02:40:08,200,0.000886,200,0.001022,200,0.001045
02:40:09,200,0.000966,200,0.000965,200,0.000904
02:40:10,200,0.000992,200,0.001126,200,0.000924
02:40:12,200,0.000931,200,0.000904,200,0.000876
02:40:13,200,0.001019,200,0.000976,200,0.000933
02:40:14,200,0.001001,200,0.001067,200,0.000972
02:40:15,200,0.023546,200,0.001001,200,0.000987
02:40:16,200,0.000878,200,0.000924,200,0.000924
02:40:18,200,0.001002,200,0.000961,200,0.000953
02:40:19,200,0.000958,200,0.022849,200,0.000966
02:40:20,200,0.000967,200,0.000938,200,0.000937
02:40:21,200,0.000857,200,0.000963,200,0.000973
02:40:22,200,0.001082,200,0.018880,200,0.000841
02:40:24,200,0.012897,200,0.000937,200,0.000971
02:40:25,200,0.017717,200,0.000920,200,0.000903
02:40:26,200,0.001037,200,0.000903,200,0.001037
02:40:27,200,0.010725,200,0.001130,200,0.001053
02:40:28,200,0.001036,200,0.000908,200,0.000957
02:40:30,200,0.000884,200,0.000940,200,0.000929
02:40:31,200,0.000968,200,0.000879,200,0.000929
02:40:32,200,0.001072,200,0.000912,200,0.001066
02:40:33,200,0.000921,200,0.000953,200,0.000953
02:40:34,200,0.000968,200,0.000962,200,0.000910
02:40:36,200,0.000979,200,0.000918,200,0.000919
02:40:37,200,0.000916,200,0.000911,200,0.000878
02:40:38,200,0.001031,200,0.000921,200,0.000867
02:40:39,200,0.000885,200,0.000929,200,0.000889
02:40:40,200,0.001020,200,0.000915,200,0.000885
02:40:41,200,0.000977,200,0.001010,200,0.000936
02:40:43,200,0.000931,200,0.000876,200,0.000921
02:40:44,200,0.000893,200,0.001038,200,0.000911
02:40:45,200,0.000947,200,0.000979,200,0.000893
02:40:46,200,0.000995,200,0.000974,200,0.000886
02:40:47,200,0.000886,200,0.000936,200,0.000939
02:40:49,200,0.000921,200,0.000919,200,0.000867
02:40:50,200,0.018824,200,0.000942,200,0.000930
02:40:51,200,0.001284,200,0.000961,200,0.000909
02:40:52,200,0.001026,200,0.012964,200,0.000909
02:40:53,200,0.000910,200,0.000975,200,0.000873
02:40:55,200,0.000945,200,0.000904,200,0.000947
02:40:56,200,0.000976,200,0.000940,200,0.000992
02:40:57,200,0.000886,200,0.001039,200,0.000983
02:40:58,200,0.001057,200,0.000919,200,0.000864
02:40:59,200,0.000937,200,0.000975,200,0.000982
02:41:01,200,0.000908,200,0.000884,200,0.000882
02:41:02,200,0.000979,200,0.000969,200,0.000928
02:41:03,200,0.001088,200,0.000893,200,0.000989
02:41:04,200,0.001061,200,0.000936,200,0.000971
02:41:05,200,0.000893,200,0.001022,200,0.000947
02:41:07,200,0.000930,200,0.000926,200,0.000950
02:41:08,200,0.000929,200,0.000910,200,0.000889
02:41:09,200,0.001027,200,0.000899,200,0.000905
02:41:10,200,0.000932,200,0.000998,200,0.001006
02:41:11,200,0.000899,200,0.000923,200,0.000866
02:41:13,200,0.015686,200,0.000987,200,0.000934
02:41:14,200,0.000943,200,0.000963,200,0.000984
02:41:15,200,0.000907,200,0.000993,200,0.000905
02:41:16,200,0.000961,200,0.000986,200,0.001344
02:41:17,200,0.000968,200,0.000958,200,0.011992
02:41:19,200,0.000908,200,0.000987,200,0.000875
02:41:20,200,0.000890,200,0.000906,200,0.000864
02:41:21,200,0.000929,200,0.000863,200,0.000836
02:41:22,200,0.000979,200,0.001057,200,0.012298
02:41:23,200,0.000881,200,0.001110,200,0.000968
02:41:24,200,0.000916,200,0.000989,200,0.000875
02:41:26,200,0.001115,200,0.001079,200,0.000987
02:41:27,200,0.000944,200,0.001111,200,0.000954
02:41:28,200,0.001113,200,0.000991,200,0.000979
02:41:29,200,0.001022,200,0.000892,200,0.000898
02:41:30,200,0.000953,200,0.000945,200,0.001011
02:41:32,200,0.000932,200,0.000919,200,0.000947
02:41:33,200,0.000900,200,0.000955,200,0.000963
02:41:34,200,0.001007,200,0.001074,200,0.000940
02:41:35,200,0.023385,200,0.001011,200,0.001053
02:41:36,200,0.000985,200,0.000924,200,0.000891
02:41:38,200,0.000900,200,0.000962,200,0.000891
02:41:39,200,0.001034,200,0.000985,200,0.000992
02:41:40,200,0.000970,200,0.023099,200,0.000874
02:41:41,200,0.000982,200,0.000880,200,0.000967
02:41:42,200,0.000988,200,0.000959,200,0.000904
02:41:44,200,0.000959,200,0.000953,200,0.000972
02:41:45,200,0.000898,200,0.000928,200,0.000882
02:41:46,200,0.000986,200,0.000888,200,0.000907
02:41:47,200,0.000971,200,0.000921,200,0.000879
02:41:48,200,0.000999,200,0.000900,200,0.000999
02:41:50,200,0.001068,200,0.000967,200,0.000915
02:41:51,200,0.001004,200,0.001152,200,0.000890
02:41:52,200,0.001049,200,0.000918,200,0.000887
02:41:53,200,0.001089,200,0.000895,200,0.000879
02:41:54,200,0.001027,200,0.000951,200,0.001001
02:41:56,200,0.000870,200,0.000914,200,0.000889
02:41:57,200,0.000925,200,0.000910,200,0.000900
02:41:58,200,0.000950,200,0.000944,200,0.000948
02:41:59,200,0.000943,200,0.000944,200,0.000966
02:42:00,200,0.001049,200,0.000959,200,0.001015
02:42:02,200,0.001042,200,0.001018,200,0.000916
02:42:03,200,0.001056,200,0.001209,200,0.001037
02:42:04,200,0.000995,200,0.001022,200,0.000974
02:42:05,200,0.001282,200,0.000898,200,0.000884
02:42:06,200,0.000976,200,0.000914,200,0.000926
02:42:08,200,0.001047,200,0.000961,200,0.000929
02:42:09,200,0.001070,200,0.000963,200,0.000793
02:42:10,200,0.001054,200,0.000960,200,0.001029
02:42:11,200,0.016215,200,0.000931,200,0.000936
02:42:12,200,0.001142,200,0.011340,200,0.000904
02:42:14,200,0.000960,200,0.000954,200,0.000878
02:42:15,200,0.000868,200,0.000925,200,0.000926
02:42:16,200,0.001270,200,0.001016,200,0.000899
02:42:17,200,0.000975,200,0.000989,200,0.000905
02:42:18,200,0.001021,200,0.001022,200,0.000901
02:42:19,200,0.001240,200,0.000972,200,0.000933
02:42:21,200,0.001063,200,0.001072,200,0.000928
02:42:22,200,0.000915,200,0.000963,200,0.000908
02:42:23,200,0.017312,200,0.000914,200,0.000949
02:42:24,200,0.001689,200,0.000988,200,0.000967
02:42:25,200,0.000942,200,0.000924,200,0.000967
02:42:27,200,0.000982,200,0.021668,200,0.001053
02:42:28,200,0.001046,200,0.000918,200,0.001012
02:42:29,200,0.000927,200,0.000903,200,0.000897
02:42:30,200,0.000926,200,0.000937,200,0.000886
02:42:31,200,0.000915,200,0.000947,200,0.001069
02:42:33,200,0.000941,200,0.000971,200,0.001014
02:42:34,200,0.001047,200,0.001025,200,0.000896
02:42:35,200,0.001092,200,0.000954,200,0.000926
02:42:36,200,0.001290,200,0.000898,200,0.000942
02:42:37,200,0.000996,200,0.000945,200,0.000925
02:42:39,200,0.012720,200,0.000868,200,0.000889
02:42:40,200,0.000962,200,0.000949,200,0.000845
02:42:41,200,0.000866,200,0.000914,200,0.000881
02:42:42,200,0.000870,200,0.000954,200,0.001013
02:42:43,200,0.001017,200,0.022533,200,0.000988
02:42:45,200,0.001021,200,0.000951,200,0.001039
02:42:46,200,0.000998,200,0.000918,200,0.000940
02:42:47,200,0.001018,200,0.000913,200,0.000894
02:42:48,200,0.013267,200,0.000931,200,0.000958
02:42:49,200,0.000951,200,0.000967,200,0.000926
02:42:51,200,0.000940,200,0.000923,200,0.000900
02:42:52,200,0.000888,200,0.000956,200,0.000975
02:42:53,200,0.016876,200,0.001030,200,0.000912
02:42:54,200,0.000916,200,0.000897,200,0.000848
02:42:55,200,0.000977,200,0.000976,200,0.000992
02:42:57,200,0.000887,200,0.000882,200,0.000993
02:42:58,200,0.001094,200,0.001024,200,0.001108
02:42:59,200,0.000959,200,0.000975,200,0.000995
02:43:00,200,0.000920,200,0.000925,200,0.000902
02:43:01,200,0.000912,200,0.001001,200,0.000971
02:43:03,200,0.000925,200,0.000971,200,0.000967
02:43:04,200,0.000997,200,0.000941,200,0.000906
02:43:05,200,0.001086,200,0.000941,200,0.000929
02:43:06,200,0.001008,200,0.000896,200,0.000978
02:43:07,200,0.000958,200,0.000936,200,0.000920
02:43:08,200,0.000930,200,0.001023,200,0.000928
02:43:10,200,0.001010,200,0.000826,200,0.000941
02:43:11,200,0.001100,200,0.000891,200,0.012154
02:43:12,200,0.000955,200,0.000928,200,0.001223
02:43:13,200,0.000952,200,0.000947,200,0.000949
02:43:14,200,0.001065,200,0.022198,200,0.001009
02:43:16,200,0.001060,200,0.001149,200,0.000959
02:43:17,200,0.001090,200,0.001018,200,0.001028
02:43:18,200,0.000910,200,0.000988,200,0.000883
02:43:19,200,0.001092,200,0.000906,200,0.000899
02:43:20,200,0.001070,200,0.000911,200,0.000939
02:43:22,200,0.000919,200,0.000953,200,0.000907
02:43:23,200,0.001042,200,0.000972,200,0.000936
02:43:24,200,0.000976,200,0.000958,200,0.000970
02:43:25,200,0.000903,200,0.001147,200,0.000903
02:43:26,200,0.000905,200,0.000896,200,0.000926
02:43:28,200,0.001008,200,0.001057,200,0.000994
02:43:29,200,0.001136,200,0.001003,200,0.001029
02:43:30,200,0.000900,200,0.000962,200,0.000984
02:43:31,200,0.001586,200,0.001128,200,0.018386
02:43:32,200,0.001012,200,0.000944,200,0.000904
02:43:34,200,0.000978,200,0.020712,200,0.001031
02:43:35,200,0.001014,200,0.001006,200,0.001087
02:43:36,200,0.000999,200,0.001086,200,0.000948
02:43:37,200,0.001004,200,0.000934,200,0.002508
02:43:39,200,0.001390,200,0.001060,200,0.001050
02:43:40,200,0.000950,200,0.000926,200,0.000934
02:43:41,200,0.001084,200,0.000901,200,0.001011
02:43:42,200,0.023457,200,0.001084,200,0.000929
02:43:43,200,0.001037,200,0.001021,200,0.000973
02:43:45,200,0.001370,200,0.001212,200,0.001161
02:43:46,200,0.001030,200,0.001152,200,0.000994
02:43:47,200,0.000930,200,0.001145,200,0.000946
02:43:48,200,0.001021,200,0.001059,200,0.001007
02:43:49,200,0.001258,200,0.001397,200,0.001345
02:43:51,200,0.000887,200,0.000988,200,0.000926
02:43:52,200,0.000979,200,0.000972,200,0.001026
02:43:53,200,0.000964,200,0.000923,200,0.000886
02:43:54,200,0.000907,200,0.000924,200,0.000943
02:43:55,200,0.000910,200,0.000915,200,0.000963
02:43:57,200,0.001050,200,0.000920,200,0.000910
02:43:58,200,0.001034,200,0.000932,200,0.001021
02:43:59,200,0.000899,200,0.000928,200,0.000945
02:44:00,200,0.000972,200,0.000995,200,0.000887
02:44:01,200,0.000957,200,0.000927,200,0.000902
02:44:03,200,0.000923,200,0.000954,200,0.001041
02:44:04,200,0.000860,200,0.000949,200,0.000916
02:44:05,200,0.000958,200,0.000932,200,0.000926
02:44:06,200,0.001044,200,0.001005,200,0.000969
02:44:07,200,0.000972,200,0.000943,200,0.000913
02:44:09,200,0.001026,200,0.001008,200,0.000978
02:44:10,200,0.001068,200,0.001033,200,0.000948
02:44:11,200,0.000845,200,0.000871,200,0.001075
02:44:12,200,0.001089,200,0.000959,200,0.000923
02:44:13,200,0.001122,200,0.001049,200,0.000911
02:44:15,200,0.001033,200,0.000980,200,0.001060
02:44:16,200,0.001065,200,0.000996,200,0.000939
02:44:17,200,0.000943,200,0.000936,200,0.000952
02:44:18,200,0.000920,200,0.000997,200,0.000978
02:44:19,200,0.000882,200,0.000986,200,0.000896
02:44:21,200,0.001095,200,0.000960,200,0.000924
02:44:22,200,0.000892,200,0.000953,200,0.000880
02:44:23,000,0.080260ERR,30,000,2.039176ERR,30,000,2.032446ERR,30
02:44:28,000,2.053757ERR,30,000,2.051270ERR,30,000,2.036122ERR,30
02:44:36,000,2.042986ERR,30,000,2.035967ERR,30,000,2.047409ERR,30
02:44:43,000,2.043746ERR,30,000,2.050251ERR,30,000,2.048794ERR,30
02:44:50,000,2.058582ERR,30,000,2.058476ERR,30,000,2.049555ERR,30
02:44:58,000,2.040415ERR,30,000,2.035250ERR,30,000,2.039967ERR,30
02:45:05,000,2.041688ERR,30,000,2.049947ERR,30,000,2.033660ERR,30
02:45:12,000,2.062992ERR,30,000,2.043278ERR,30,000,2.053026ERR,30
